Residue	SASA (DSSP)	MaxASA (Tien et al., 2013; emp.)	RSA (Tien et al., 2013; emp.)	Exposed/Buried Based on Vis.	Bondugula Switch Class	Buried/Exposed (RSA = 16%)	Buried/Exposed (RSA = 27%)	True	False	Buried and a Switch	Buried and a Switch
2 A THR	142	163	0.8711656442	Exposed	0	Exposed	Exposed	True	True	Buried and a Switch	Buried and a Switch
3 A LEU	33	191	0.1727748691	Exposed	0	Exposed	Buried	True	False	Buried and a Switch	Buried and a Switch
4 A GLU	110	214	0.5140186916	Exposed	0	Exposed	Exposed	True	True	Buried and a Switch	Buried and a Switch
5 A LYS	41	230	0.1782608696	Exposed	0	Exposed	Buried	True	False	Buried and a Switch	Buried and a Switch
6 A PHE	21	228	0.09210526316	Exposed	0	Buried	Buried	True	False	Buried and a Switch	Buried and a Switch
7 A VAL	33	165	0.2	Exposed	0	Exposed	Buried	True	False	Buried and a Switch	Buried and a Switch
8 A ASP	22	187	0.1176470588	Exposed	0	Buried	Buried	True	False	Buried and a Switch	Buried and a Switch
9 A ALA	53	121	0.4380165289	Exposed	0	Exposed	Exposed	True	True	Buried and a Switch	Buried and a Switch
10 A LEU	10	191	0.05235602094	Exposed	0	Buried	Buried	True	False	Buried and a Switch	Buried and a Switch
11 A PRO	46	154	0.2987012987	Exposed	0	Exposed	Exposed	True	True	Buried and a Switch	Buried and a Switch
12 A ILE	85	195	0.4358974359	Exposed	0	Exposed	Exposed	True	True	Buried and a Switch	Buried and a Switch
13 A PRO	20	154	0.1298701299	Exposed	0	Buried	Buried	True	False	Buried and a Switch	Buried and a Switch
14 A ASP	131	187	0.7005347594	Exposed	0	Exposed	Exposed	True	True	Buried and a Switch	Buried and a Switch
15 A THR	61	163	0.3742331288	Exposed	0	Exposed	Exposed	True	True	Buried and a Switch	Buried and a Switch
16 A LEU	23	191	0.1204188482	Exposed	0	Buried	Buried	True	False	Buried and a Switch	Buried and a Switch
17 A LYS	172	230	0.747826087	Exposed	0	Exposed	Exposed	True	True	Buried and a Switch	Buried and a Switch
18 A PRO	41	154	0.2662337662	Exposed	0	Exposed	Buried	True	False	Buried and a Switch	Buried and a Switch
19 A VAL	81	165	0.4909090909	Exposed	0	Exposed	Exposed	True	True	Buried and a Switch	Buried and a Switch
20 A GLN	112	214	0.523364486	Exposed	0	Exposed	Exposed	True	True	Buried and a Switch	Buried and a Switch
21 A GLN	113	214	0.5280373832	Exposed	0	Exposed	Exposed	True	True	Buried and a Switch	Buried and a Switch
22 A SER	59	143	0.4125874126	Exposed	1	Exposed	Exposed	True	True	Buried and a Switch	Buried and a Switch
23 A LYS	203	230	0.8826086957	Exposed	0	Exposed	Exposed	True	True	Buried and a Switch	Buried and a Switch
24 A GLU	132	214	0.6168224299	Exposed	0	Exposed	Exposed	True	True	Buried and a Switch	Buried and a Switch
25 A LYS	91	230	0.3956521739	Exposed	1	Exposed	Exposed	True	True	Buried and a Switch	Buried and a Switch
26 A THR	4	163	0.0245398773	Exposed	0	Buried	Buried	True	False	Buried and a Switch	Buried and a Switch
27 A TYR	30	255	0.1176470588	Exposed	0	Buried	Buried	True	False	Buried and a Switch	Buried and a Switch
28 A TYR	7	255	0.02745098039	Exposed	0	Buried	Buried	True	False	Buried and a Switch	Buried and a Switch
29 A GLU	72	214	0.3364485981	Exposed	0	Exposed	Exposed	True	True	Buried and a Switch	Buried and a Switch
30 A VAL	0	165	0	Exposed	0	Buried	Buried	True	False	Buried and a Switch	Buried and a Switch
31 A THR	27	163	0.1656441718	Exposed	0	Exposed	Buried	True	False	Buried and a Switch	Buried and a Switch
32 A MET	1	203	0.004926108374	Exposed	0	Buried	Buried	True	False	Buried and a Switch	Buried and a Switch
33 A GLU	74	214	0.3457943925	Exposed	0	Exposed	Exposed	True	True	Buried and a Switch	Buried and a Switch
34 A GLU	70	214	0.3271028037	Exposed	0	Exposed	Exposed	True	True	Buried and a Switch	Buried and a Switch
35 A CYS	18	148	0.1216216216	Exposed	0	Buried	Buried	True	False	Buried and a Switch	Buried and a Switch
36 A THR	90	163	0.5521472393	Exposed	0	Exposed	Exposed	True	True	Buried and a Switch	Buried and a Switch
37 A HIS	62	216	0.287037037	Exposed	0	Exposed	Exposed	True	True	Buried and a Switch	Buried and a Switch
38 A GLN	82	214	0.3831775701	Exposed	1	Exposed	Exposed	True	True	Buried and a Switch	Buried and a Switch
39 A LEU	0	191	0	Exposed	1	Buried	Buried	True	False	Buried and a Switch	Buried and a Switch
40 A HIS	0	216	0	Exposed	1	Buried	Buried	True	False	Buried and a Switch	Buried and a Switch
41 A ARG	109	265	0.4113207547	Exposed	0	Exposed	Exposed	True	True	Buried and a Switch	Buried and a Switch
42 A ASP	89	187	0.4759358289	Exposed	0	Exposed	Exposed	True	True	Buried and a Switch	Buried and a Switch
43 A LEU	14	191	0.07329842932	Exposed	0	Buried	Buried	True	False	Buried and a Switch	Buried and a Switch
44 A PRO	57	154	0.3701298701	Exposed	1	Exposed	Exposed	True	True	Buried and a Switch	Buried and a Switch
45 A PRO	77	154	0.5	Exposed	0	Exposed	Exposed	True	True	Buried and a Switch	Buried and a Switch
46 A THR	0	163	0	Exposed	1	Buried	Buried	True	False	Buried and a Switch	Buried and a Switch
47 A ARG	109	265	0.4113207547	Exposed	0	Exposed	Exposed	True	True	Buried and a Switch	Buried and a Switch
48 A LEU	0	191	0	Exposed	0	Buried	Buried	True	False	Buried and a Switch	Buried and a Switch
49 A TRP	0	264	0	Exposed	0	Buried	Buried	True	False	Buried and a Switch	Buried and a Switch
50 A GLY	0	97	0	Buried	0	Buried	Buried	True	True	Buried and a Switch	Buried and a Switch
51 A TYR	0	255	0	Buried	0	Buried	Buried	True	True	Buried and a Switch	Buried and a Switch
52 A ASN	51	187	0.2727272727	Exposed	1	Exposed	Exposed	True	True	Buried and a Switch	Buried and a Switch
53 A GLY	8	97	0.0824742268	Exposed	0	Buried	Buried	True	False	Buried and a Switch	Buried and a Switch
54 A LEU	73	191	0.3821989529	Exposed	1	Exposed	Exposed	True	True	Buried and a Switch	Buried and a Switch
55 A PHE	19	228	0.08333333333	Exposed	1	Buried	Buried	True	False	Buried and a Switch	Buried and a Switch
56 A PRO	8	154	0.05194805195	Exposed	0	Buried	Buried	True	False	Buried and a Switch	Buried and a Switch
57 A GLY	0	97	0	Exposed	1	Buried	Buried	True	False	Buried and a Switch	Buried and a Switch
58 A PRO	5	154	0.03246753247	Exposed	1	Buried	Buried	True	False	Buried and a Switch	Buried and a Switch
59 A THR	5	163	0.03067484663	Exposed	1	Buried	Buried	True	False	Buried and a Switch	Buried and a Switch
60 A ILE	0	195	0	Buried	0	Buried	Buried	True	True	Buried and a Switch	Buried and a Switch
61 A GLU	76	214	0.3551401869	Exposed	0	Exposed	Exposed	True	True	Buried and a Switch	Buried and a Switch
62 A VAL	3	165	0.01818181818	Exposed	0	Buried	Buried	True	False	Buried and a Switch	Buried and a Switch
63 A LYS	126	230	0.547826087	Exposed	0	Exposed	Exposed	True	True	Buried and a Switch	Buried and a Switch
64 A ARG	87	265	0.3283018868	Exposed	1	Exposed	Exposed	True	True	Buried and a Switch	Buried and a Switch
65 A ASN	98	187	0.5240641711	Exposed	0	Exposed	Exposed	True	True	Buried and a Switch	Buried and a Switch
66 A GLU	24	214	0.1121495327	Exposed	1	Buried	Buried	True	False	Buried and a Switch	Buried and a Switch
67 A ASN	51	187	0.2727272727	Exposed	0	Exposed	Exposed	True	True	Buried and a Switch	Buried and a Switch
68 A VAL	0	165	0	Buried	1	Buried	Buried	True	True	Buried and a Switch	Buried and a Switch
69 A TYR	53	255	0.2078431373	Exposed	0	Exposed	Buried	True	False	Buried and a Switch	Buried and a Switch
70 A VAL	0	165	0	Buried	0	Buried	Buried	True	True	Buried and a Switch	Buried and a Switch
71 A LYS	48	230	0.2086956522	Exposed	0	Exposed	Buried	True	False	Buried and a Switch	Buried and a Switch
72 A TRP	2	264	0.007575757576	Buried	0	Buried	Buried	True	True	Buried and a Switch	Buried and a Switch
73 A MET	34	203	0.1674876847	Exposed	0	Exposed	Buried	True	False	Buried and a Switch	Buried and a Switch
74 A ASN	1	187	0.005347593583	Exposed	0	Buried	Buried	True	False	Buried and a Switch	Buried and a Switch
75 A ASN	82	187	0.4385026738	Exposed	1	Exposed	Exposed	True	True	Buried and a Switch	Buried and a Switch
76 A LEU	1	191	0.005235602094	Exposed	0	Buried	Buried	True	False	Buried and a Switch	Buried and a Switch
77 A PRO	38	154	0.2467532468	Exposed	0	Exposed	Buried	True	False	Buried and a Switch	Buried and a Switch
78 A SER	82	143	0.5734265734	Exposed	1	Exposed	Exposed	True	True	Buried and a Switch	Buried and a Switch
79 A THR	89	163	0.5460122699	Exposed	0	Exposed	Exposed	True	True	Buried and a Switch	Buried and a Switch
80 A HIS	19	216	0.08796296296	Exposed	1	Buried	Buried	True	False	Buried and a Switch	Buried and a Switch
81 A PHE	42	228	0.1842105263	Exposed	1	Exposed	Buried	True	False	Buried and a Switch	Buried and a Switch
82 A LEU	14	191	0.07329842932	Exposed	0	Buried	Buried	True	False	Buried and a Switch	Buried and a Switch
83 A PRO	30	154	0.1948051948	Exposed	1	Exposed	Buried	True	False	Buried and a Switch	Buried and a Switch
84 A ILE	24	195	0.1230769231	Exposed	0	Buried	Buried	True	False	Buried and a Switch	Buried and a Switch
85 A ASP	6	187	0.0320855615	Exposed	0	Buried	Buried	True	False	Buried and a Switch	Buried and a Switch
86 A HIS	135	216	0.625	Exposed	1	Exposed	Exposed	True	True	Buried and a Switch	Buried and a Switch
87 A THR	51	163	0.3128834356	Exposed	1	Exposed	Exposed	True	True	Buried and a Switch	Buried and a Switch
88 A ILE	10	195	0.05128205128	Exposed	1	Buried	Buried	True	False	Buried and a Switch	Buried and a Switch
89 A HIS	127	216	0.587962963	Exposed	1	Exposed	Exposed	True	True	Buried and a Switch	Buried and a Switch
97 A GLU	0	214	0	Exposed	0	Buried	Buried	True	False	Buried and a Switch	Buried and a Switch
98 A PRO	154	154	1	Exposed	0	Exposed	Exposed	True	True	Buried and a Switch	Buried and a Switch
99 A GLU	22	214	0.1028037383	Exposed	0	Buried	Buried	True	False	Buried and a Switch	Buried and a Switch
100 A VAL	5	165	0.0303030303	Exposed	1	Buried	Buried	True	False	Buried and a Switch	Buried and a Switch
101 A LYS	25	230	0.1086956522	Exposed	1	Buried	Buried	True	False	Buried and a Switch	Buried and a Switch
102 A THR	0	163	0	Buried	1	Buried	Buried	True	True	Buried and a Switch	Buried and a Switch
103 A VAL	0	165	0	Buried	1	Buried	Buried	True	True	Buried and a Switch	Buried and a Switch
104 A VAL	0	165	0	Buried	1	Buried	Buried	True	True	Buried and a Switch	Buried and a Switch
105 A HIS	1	216	0.00462962963	Exposed	1	Buried	Buried	True	False	Buried and a Switch	Buried and a Switch
106 A LEU	1	191	0.005235602094	Buried	1	Buried	Buried	True	True	Buried and a Switch	Buried and a Switch
107 A HIS	0	216	0	Buried	1	Buried	Buried	True	True	Buried and a Switch	Buried and a Switch
108 A GLY	15	97	0.1546391753	Exposed	1	Buried	Buried	True	False	Buried and a Switch	Buried and a Switch
109 A GLY	1	97	0.01030927835	Buried	1	Buried	Buried	True	True	Buried and a Switch	Buried and a Switch
110 A VAL	21	165	0.1272727273	Exposed	1	Buried	Buried	True	False	Buried and a Switch	Buried and a Switch
111 A THR	1	163	0.006134969325	Buried	1	Buried	Buried	True	True	Buried and a Switch	Buried and a Switch
112 A PRO	27	154	0.1753246753	Exposed	1	Exposed	Buried	True	False	Buried and a Switch	Buried and a Switch
113 A ASP	40	187	0.2139037433	Exposed	1	Exposed	Buried	True	False	Buried and a Switch	Buried and a Switch
114 A ASP	36	187	0.192513369	Exposed	1	Exposed	Buried	True	False	Buried and a Switch	Buried and a Switch
115 A SER	0	143	0	Exposed	1	Buried	Buried	True	False	Buried and a Switch	Buried and a Switch
116 A ASP	3	187	0.01604278075	Exposed	1	Buried	Buried	True	False	Buried and a Switch	Buried and a Switch
117 A GLY	0	97	0	Exposed	1	Buried	Buried	True	False	Buried and a Switch	Buried and a Switch
118 A TYR	13	255	0.05098039216	Exposed	1	Buried	Buried	True	False	Buried and a Switch	Buried and a Switch
119 A PRO	0	154	0	Buried	1	Buried	Buried	True	True	Buried and a Switch	Buried and a Switch
120 A GLU	34	214	0.1588785047	Exposed	1	Buried	Buried	True	False	Buried and a Switch	Buried and a Switch
121 A ALA	5	121	0.04132231405	Exposed	1	Buried	Buried	True	False	Buried and a Switch	Buried and a Switch
122 A TRP	12	264	0.04545454545	Exposed	1	Buried	Buried	True	False	Buried and a Switch	Buried and a Switch
123 A PHE	5	228	0.02192982456	Buried	1	Buried	Buried	True	True	Buried and a Switch	Buried and a Switch
124 A SER	7	143	0.04895104895	Exposed	1	Buried	Buried	True	False	Buried and a Switch	Buried and a Switch
125 A LYS	61	230	0.2652173913	Exposed	1	Exposed	Buried	True	False	Buried and a Switch	Buried and a Switch
126 A ASP	116	187	0.6203208556	Exposed	1	Exposed	Exposed	True	True	Buried and a Switch	Buried and a Switch
127 A PHE	29	228	0.1271929825	Exposed	1	Buried	Buried	True	False	Buried and a Switch	Buried and a Switch
128 A GLU	162	214	0.7570093458	Exposed	1	Exposed	Exposed	True	True	Buried and a Switch	Buried and a Switch
129 A GLN	86	214	0.4018691589	Exposed	1	Exposed	Exposed	True	True	Buried and a Switch	Buried and a Switch
130 A THR	62	163	0.3803680982	Exposed	1	Exposed	Exposed	True	True	Buried and a Switch	Buried and a Switch
131 A GLY	5	97	0.05154639175	Exposed	1	Buried	Buried	True	False	Buried and a Switch	Buried and a Switch
132 A PRO	106	154	0.6883116883	Exposed	1	Exposed	Exposed	True	True	Buried and a Switch	Buried and a Switch
133 A TYR	92	255	0.3607843137	Exposed	1	Exposed	Exposed	True	True	Buried and a Switch	Buried and a Switch
134 A PHE	43	228	0.1885964912	Exposed	1	Exposed	Buried	True	False	Buried and a Switch	Buried and a Switch
135 A LYS	143	230	0.6217391304	Exposed	1	Exposed	Exposed	True	True	Buried and a Switch	Buried and a Switch
136 A ARG	84	265	0.3169811321	Exposed	1	Exposed	Exposed	True	True	Buried and a Switch	Buried and a Switch
137 A GLU	84	214	0.3925233645	Exposed	1	Exposed	Exposed	True	True	Buried and a Switch	Buried and a Switch
138 A VAL	38	165	0.2303030303	Exposed	1	Exposed	Buried	True	False	Buried and a Switch	Buried and a Switch
139 A TYR	5	255	0.01960784314	Buried	1	Buried	Buried	True	True	Buried and a Switch	Buried and a Switch
140 A HIS	36	216	0.1666666667	Exposed	1	Exposed	Buried	True	False	Buried and a Switch	Buried and a Switch
141 A TYR	1	255	0.003921568627	Buried	1	Buried	Buried	True	True	Buried and a Switch	Buried and a Switch
142 A PRO	9	154	0.05844155844	Exposed	1	Buried	Buried	True	False	Buried and a Switch	Buried and a Switch
143 A ASN	1	187	0.005347593583	Buried	1	Buried	Buried	True	True	Buried and a Switch	Buried and a Switch
144 A GLN	114	214	0.5327102804	Exposed	1	Exposed	Exposed	True	True	Buried and a Switch	Buried and a Switch
145 A GLN	22	214	0.1028037383	Exposed	1	Buried	Buried	True	False	Buried and a Switch	Buried and a Switch
146 A ARG	89	265	0.3358490566	Exposed	1	Exposed	Exposed	True	True	Buried and a Switch	Buried and a Switch
147 A GLY	3	97	0.03092783505	Exposed	1	Buried	Buried	True	False	Buried and a Switch	Buried and a Switch
148 A ALA	5	121	0.04132231405	Exposed	1	Buried	Buried	True	False	Buried and a Switch	Buried and a Switch
149 A ILE	1	195	0.005128205128	Buried	1	Buried	Buried	True	True	Buried and a Switch	Buried and a Switch
150 A LEU	1	191	0.005235602094	Exposed	1	Buried	Buried	True	False	Buried and a Switch	Buried and a Switch
151 A TRP	2	264	0.007575757576	Buried	1	Buried	Buried	True	True	Buried and a Switch	Buried and a Switch
152 A TYR	0	255	0	Buried	0	Buried	Buried	True	True	Buried and a Switch	Buried and a Switch
153 A HIS	0	216	0	Buried	0	Buried	Buried	True	True	Buried and a Switch	Buried and a Switch
154 A ASP	0	187	0	Buried	0	Buried	Buried	True	True	Buried and a Switch	Buried and a Switch
155 A HIS	0	216	0	Buried	1	Buried	Buried	True	True	Buried and a Switch	Buried and a Switch
156 A ALA	0	121	0	Buried	1	Buried	Buried	True	True	Buried and a Switch	Buried and a Switch
157 A MET	10	203	0.04926108374	Buried	1	Buried	Buried	True	True	Buried and a Switch	Buried and a Switch
158 A ALA	14	121	0.1157024793	Buried	1	Buried	Buried	True	True	Buried and a Switch	Buried and a Switch
159 A LEU	8	191	0.04188481675	Buried	1	Buried	Buried	True	True	Buried and a Switch	Buried and a Switch
160 A THR	0	163	0	Buried	1	Buried	Buried	True	True	Buried and a Switch	Buried and a Switch
161 A ARG	3	265	0.01132075472	Buried	1	Buried	Buried	True	True	Buried and a Switch	Buried and a Switch
162 A LEU	0	191	0	Buried	1	Buried	Buried	True	True	Buried and a Switch	Buried and a Switch
163 A ASN	0	187	0	Buried	1	Buried	Buried	True	True	Buried and a Switch	Buried and a Switch
164 A VAL	0	165	0	Buried	0	Buried	Buried	True	True	Buried and a Switch	Buried and a Switch
165 A TYR	0	255	0	Buried	0	Buried	Buried	True	True	Buried and a Switch	Buried and a Switch
166 A ALA	0	121	0	Buried	1	Buried	Buried	True	True	Buried and a Switch	Buried and a Switch
167 A GLY	0	97	0	Buried	1	Buried	Buried	True	True	Buried and a Switch	Buried and a Switch
168 A LEU	0	191	0	Buried	1	Buried	Buried	True	True	Buried and a Switch	Buried and a Switch
169 A VAL	0	165	0	Buried	1	Buried	Buried	True	True	Buried and a Switch	Buried and a Switch
170 A GLY	0	97	0	Buried	1	Buried	Buried	True	True	Buried and a Switch	Buried and a Switch
171 A ALA	0	121	0	Buried	1	Buried	Buried	True	True	Buried and a Switch	Buried and a Switch
172 A TYR	0	255	0	Buried	1	Buried	Buried	True	True	Buried and a Switch	Buried and a Switch
173 A ILE	5	195	0.02564102564	Exposed	0	Buried	Buried	True	False	Buried and a Switch	Buried and a Switch
174 A ILE	2	195	0.01025641026	Buried	0	Buried	Buried	True	True	Buried and a Switch	Buried and a Switch
175 A HIS	64	216	0.2962962963	Exposed	0	Exposed	Exposed	True	True	Buried and a Switch	Buried and a Switch
176 A ASP	22	187	0.1176470588	Exposed	1	Buried	Buried	True	False	Buried and a Switch	Buried and a Switch
177 A PRO	71	154	0.461038961	Exposed	1	Exposed	Exposed	True	True	Buried and a Switch	Buried and a Switch
178 A LYS	139	230	0.6043478261	Exposed	1	Exposed	Exposed	True	True	Buried and a Switch	Buried and a Switch
179 A GLU	39	214	0.1822429907	Exposed	1	Exposed	Buried	True	False	Buried and a Switch	Buried and a Switch
180 A LYS	178	230	0.7739130435	Exposed	1	Exposed	Exposed	True	True	Buried and a Switch	Buried and a Switch
181 A ARG	206	265	0.7773584906	Exposed	0	Exposed	Exposed	True	True	Buried and a Switch	Buried and a Switch
182 A LEU	32	191	0.167539267	Exposed	0	Exposed	Buried	True	False	Buried and a Switch	Buried and a Switch
183 A LYS	128	230	0.5565217391	Exposed	1	Exposed	Exposed	True	True	Buried and a Switch	Buried and a Switch
184 A LEU	15	191	0.07853403141	Exposed	1	Buried	Buried	True	False	Buried and a Switch	Buried and a Switch
185 A PRO	1	154	0.006493506494	Exposed	1	Buried	Buried	True	False	Buried and a Switch	Buried and a Switch
186 A SER	58	143	0.4055944056	Exposed	1	Exposed	Exposed	True	True	Buried and a Switch	Buried and a Switch
187 A ASP	137	187	0.7326203209	Exposed	1	Exposed	Exposed	True	True	Buried and a Switch	Buried and a Switch
188 A GLU	108	214	0.5046728972	Exposed	1	Exposed	Exposed	True	True	Buried and a Switch	Buried and a Switch
189 A TYR	8	255	0.03137254902	Exposed	1	Buried	Buried	True	False	Buried and a Switch	Buried and a Switch
190 A ASP	29	187	0.1550802139	Exposed	1	Buried	Buried	True	False	Buried and a Switch	Buried and a Switch
191 A VAL	5	165	0.0303030303	Exposed	1	Buried	Buried	True	False	Buried and a Switch	Buried and a Switch
192 A PRO	12	154	0.07792207792	Exposed	1	Buried	Buried	True	False	Buried and a Switch	Buried and a Switch
193 A LEU	4	191	0.02094240838	Buried	1	Buried	Buried	True	True	Buried and a Switch	Buried and a Switch
194 A LEU	1	191	0.005235602094	Buried	0	Buried	Buried	True	True	Buried and a Switch	Buried and a Switch
195 A ILE	0	195	0	Buried	0	Buried	Buried	True	True	Buried and a Switch	Buried and a Switch
196 A THR	2	163	0.01226993865	Buried	0	Buried	Buried	True	True	Buried and a Switch	Buried and a Switch
197 A ASP	0	187	0	Buried	0	Buried	Buried	True	True	Buried and a Switch	Buried and a Switch
198 A ARG	1	265	0.003773584906	Buried	0	Buried	Buried	True	True	Buried and a Switch	Buried and a Switch
199 A THR	11	163	0.06748466258	Exposed	0	Buried	Buried	True	False	Buried and a Switch	Buried and a Switch
200 A ILE	23	195	0.1179487179	Exposed	1	Buried	Buried	True	False	Buried and a Switch	Buried and a Switch
201 A ASN	61	187	0.3262032086	Exposed	1	Exposed	Exposed	True	True	Buried and a Switch	Buried and a Switch
202 A GLU	196	214	0.9158878505	Exposed	1	Exposed	Exposed	True	True	Buried and a Switch	Buried and a Switch
203 A ASP	107	187	0.5721925134	Exposed	1	Exposed	Exposed	True	True	Buried and a Switch	Buried and a Switch
204 A GLY	0	97	0	Exposed	1	Buried	Buried	True	False	Buried and a Switch	Buried and a Switch
205 A SER	39	143	0.2727272727	Exposed	1	Exposed	Exposed	True	True	Buried and a Switch	Buried and a Switch
206 A LEU	15	191	0.07853403141	Exposed	1	Buried	Buried	True	False	Buried and a Switch	Buried and a Switch
207 A PHE	87	228	0.3815789474	Exposed	1	Exposed	Exposed	True	True	Buried and a Switch	Buried and a Switch
208 A TYR	13	255	0.05098039216	Exposed	1	Buried	Buried	True	False	Buried and a Switch	Buried and a Switch
209 A PRO	22	154	0.1428571429	Exposed	1	Buried	Buried	True	False	Buried and a Switch	Buried and a Switch
210 A SER	56	143	0.3916083916	Exposed	1	Exposed	Exposed	True	True	Buried and a Switch	Buried and a Switch
211 A ALA	24	121	0.1983471074	Exposed	1	Exposed	Buried	True	False	Buried and a Switch	Buried and a Switch
212 A PRO	40	154	0.2597402597	Exposed	1	Exposed	Buried	True	False	Buried and a Switch	Buried and a Switch
213 A GLU	177	214	0.8271028037	Exposed	1	Exposed	Exposed	True	True	Buried and a Switch	Buried and a Switch
214 A ASN	155	187	0.8288770053	Exposed	1	Exposed	Exposed	True	True	Buried and a Switch	Buried and a Switch
215 A PRO	79	154	0.512987013	Exposed	1	Exposed	Exposed	True	True	Buried and a Switch	Buried and a Switch
216 A SER	51	143	0.3566433566	Exposed	1	Exposed	Exposed	True	True	Buried and a Switch	Buried and a Switch
217 A PRO	136	154	0.8831168831	Exposed	1	Exposed	Exposed	True	True	Buried and a Switch	Buried and a Switch
218 A SER	77	143	0.5384615385	Exposed	1	Exposed	Exposed	True	True	Buried and a Switch	Buried and a Switch
219 A LEU	34	191	0.1780104712	Exposed	1	Exposed	Buried	True	False	Buried and a Switch	Buried and a Switch
220 A PRO	21	154	0.1363636364	Exposed	1	Buried	Buried	True	False	Buried and a Switch	Buried and a Switch
221 A ASN	133	187	0.7112299465	Exposed	1	Exposed	Exposed	True	True	Buried and a Switch	Buried and a Switch
222 A PRO	38	154	0.2467532468	Exposed	1	Exposed	Buried	True	False	Buried and a Switch	Buried and a Switch
223 A SER	3	143	0.02097902098	Buried	1	Buried	Buried	True	True	Buried and a Switch	Buried and a Switch
224 A ILE	11	195	0.05641025641	Exposed	1	Buried	Buried	True	False	Buried and a Switch	Buried and a Switch
225 A VAL	8	165	0.04848484848	Exposed	1	Buried	Buried	True	False	Buried and a Switch	Buried and a Switch
226 A PRO	65	154	0.4220779221	Exposed	1	Exposed	Exposed	True	True	Buried and a Switch	Buried and a Switch
227 A ALA	49	121	0.4049586777	Exposed	1	Exposed	Exposed	True	True	Buried and a Switch	Buried and a Switch
228 A PHE	8	228	0.0350877193	Exposed	1	Buried	Buried	True	False	Buried and a Switch	Buried and a Switch
229 A CYS	44	148	0.2972972973	Exposed	1	Exposed	Exposed	True	True	Buried and a Switch	Buried and a Switch
230 A GLY	2	97	0.0206185567	Exposed	1	Buried	Buried	True	False	Buried and a Switch	Buried and a Switch
231 A GLU	130	214	0.6074766355	Exposed	1	Exposed	Exposed	True	True	Buried and a Switch	Buried and a Switch
232 A THR	12	163	0.0736196319	Exposed	1	Buried	Buried	True	False	Buried and a Switch	Buried and a Switch
233 A ILE	0	195	0	Buried	1	Buried	Buried	True	True	Buried and a Switch	Buried and a Switch
234 A LEU	0	191	0	Buried	1	Buried	Buried	True	True	Buried and a Switch	Buried and a Switch
235 A VAL	0	165	0	Exposed	1	Buried	Buried	True	False	Buried and a Switch	Buried and a Switch
236 A ASN	1	187	0.005347593583	Exposed	1	Buried	Buried	True	False	Buried and a Switch	Buried and a Switch
237 A GLY	6	97	0.0618556701	Exposed	1	Buried	Buried	True	False	Buried and a Switch	Buried and a Switch
238 A LYS	45	230	0.1956521739	Exposed	1	Exposed	Buried	True	False	Buried and a Switch	Buried and a Switch
239 A VAL	0	165	0	Buried	1	Buried	Buried	True	True	Buried and a Switch	Buried and a Switch
240 A TRP	1	264	0.003787878788	Exposed	1	Buried	Buried	True	False	Buried and a Switch	Buried and a Switch
241 A PRO	0	154	0	Buried	1	Buried	Buried	True	True	Buried and a Switch	Buried and a Switch
242 A TYR	46	255	0.1803921569	Exposed	1	Exposed	Buried	True	False	Buried and a Switch	Buried and a Switch
243 A LEU	22	191	0.1151832461	Exposed	1	Buried	Buried	True	False	Buried and a Switch	Buried and a Switch
244 A GLU	97	214	0.453271028	Exposed	1	Exposed	Exposed	True	True	Buried and a Switch	Buried and a Switch
245 A VAL	0	165	0	Buried	1	Buried	Buried	True	True	Buried and a Switch	Buried and a Switch
246 A GLU	0	214	0	Exposed	1	Buried	Buried	True	False	Buried and a Switch	Buried and a Switch
247 A PRO	9	154	0.05844155844	Exposed	1	Buried	Buried	True	False	Buried and a Switch	Buried and a Switch
248 A ARG	8	265	0.03018867925	Exposed	1	Buried	Buried	True	False	Buried and a Switch	Buried and a Switch
249 A LYS	19	230	0.08260869565	Exposed	1	Buried	Buried	True	False	Buried and a Switch	Buried and a Switch
250 A TYR	11	255	0.0431372549	Exposed	1	Buried	Buried	True	False	Buried and a Switch	Buried and a Switch
251 A ARG	20	265	0.07547169811	Exposed	1	Buried	Buried	True	False	Buried and a Switch	Buried and a Switch
252 A PHE	0	228	0	Buried	1	Buried	Buried	True	True	Buried and a Switch	Buried and a Switch
253 A ARG	4	265	0.01509433962	Exposed	0	Buried	Buried	True	False	Buried and a Switch	Buried and a Switch
254 A VAL	2	165	0.01212121212	Buried	0	Buried	Buried	True	True	Buried and a Switch	Buried and a Switch
255 A ILE	0	195	0	Buried	0	Buried	Buried	True	True	Buried and a Switch	Buried and a Switch
256 A ASN	0	187	0	Buried	0	Buried	Buried	True	True	Buried and a Switch	Buried and a Switch
257 A ALA	0	121	0	Buried	1	Buried	Buried	True	True	Buried and a Switch	Buried and a Switch
258 A SER	2	143	0.01398601399	Buried	1	Buried	Buried	True	True	Buried and a Switch	Buried and a Switch
259 A ASN	0	187	0	Buried	1	Buried	Buried	True	True	Buried and a Switch	Buried and a Switch
260 A THR	15	163	0.09202453988	Exposed	1	Buried	Buried	True	False	Buried and a Switch	Buried and a Switch
261 A ARG	6	265	0.02264150943	Exposed	1	Buried	Buried	True	False	Buried and a Switch	Buried and a Switch
262 A THR	37	163	0.226993865	Exposed	1	Exposed	Buried	True	False	Buried and a Switch	Buried and a Switch
263 A TYR	0	255	0	Buried	1	Buried	Buried	True	True	Buried and a Switch	Buried and a Switch
264 A ASN	43	187	0.2299465241	Exposed	1	Exposed	Buried	True	False	Buried and a Switch	Buried and a Switch
265 A LEU	2	191	0.01047120419	Exposed	1	Buried	Buried	True	False	Buried and a Switch	Buried and a Switch
266 A SER	34	143	0.2377622378	Exposed	1	Exposed	Buried	True	False	Buried and a Switch	Buried and a Switch
267 A LEU	9	191	0.04712041885	Exposed	0	Buried	Buried	True	False	Buried and a Switch	Buried and a Switch
268 A ASP	89	187	0.4759358289	Exposed	1	Exposed	Exposed	True	True	Buried and a Switch	Buried and a Switch
269 A ASN	46	187	0.2459893048	Exposed	1	Exposed	Buried	True	False	Buried and a Switch	Buried and a Switch
270 A GLY	47	97	0.4845360825	Exposed	1	Exposed	Exposed	True	True	Buried and a Switch	Buried and a Switch
271 A GLY	3	97	0.03092783505	Exposed	1	Buried	Buried	True	False	Buried and a Switch	Buried and a Switch
272 A ASP	64	187	0.3422459893	Exposed	1	Exposed	Exposed	True	True	Buried and a Switch	Buried and a Switch
273 A PHE	0	228	0	Exposed	1	Buried	Buried	True	False	Buried and a Switch	Buried and a Switch
274 A ILE	23	195	0.1179487179	Exposed	1	Buried	Buried	True	False	Buried and a Switch	Buried and a Switch
275 A GLN	1	214	0.004672897196	Buried	1	Buried	Buried	True	True	Buried and a Switch	Buried and a Switch
276 A ILE	0	195	0	Buried	1	Buried	Buried	True	True	Buried and a Switch	Buried and a Switch
277 A GLY	0	97	0	Exposed	0	Buried	Buried	True	False	Buried and a Switch	Buried and a Switch
278 A SER	3	143	0.02097902098	Exposed	0	Buried	Buried	True	False	Buried and a Switch	Buried and a Switch
279 A ASP	1	187	0.005347593583	Exposed	1	Buried	Buried	True	False	Buried and a Switch	Buried and a Switch
280 A GLY	9	97	0.09278350515	Exposed	1	Buried	Buried	True	False	Buried and a Switch	Buried and a Switch
281 A GLY	2	97	0.0206185567	Exposed	1	Buried	Buried	True	False	Buried and a Switch	Buried and a Switch
282 A LEU	10	191	0.05235602094	Exposed	1	Buried	Buried	True	False	Buried and a Switch	Buried and a Switch
283 A LEU	0	191	0	Exposed	1	Buried	Buried	True	False	Buried and a Switch	Buried and a Switch
284 A PRO	4	154	0.02597402597	Exposed	1	Buried	Buried	True	False	Buried and a Switch	Buried and a Switch
285 A ARG	84	265	0.3169811321	Exposed	0	Exposed	Exposed	True	True	Buried and a Switch	Buried and a Switch
286 A SER	8	143	0.05594405594	Exposed	0	Buried	Buried	True	False	Buried and a Switch	Buried and a Switch
287 A VAL	18	165	0.1090909091	Exposed	0	Buried	Buried	True	False	Buried and a Switch	Buried and a Switch
288 A LYS	133	230	0.5782608696	Exposed	0	Exposed	Exposed	True	True	Buried and a Switch	Buried and a Switch
289 A LEU	28	191	0.1465968586	Exposed	0	Buried	Buried	True	False	Buried and a Switch	Buried and a Switch
290 A ASN	88	187	0.4705882353	Exposed	1	Exposed	Exposed	True	True	Buried and a Switch	Buried and a Switch
291 A SER	57	143	0.3986013986	Exposed	1	Exposed	Exposed	True	True	Buried and a Switch	Buried and a Switch
292 A PHE	8	228	0.0350877193	Exposed	1	Buried	Buried	True	False	Buried and a Switch	Buried and a Switch
293 A SER	36	143	0.2517482517	Exposed	1	Exposed	Buried	True	False	Buried and a Switch	Buried and a Switch
294 A LEU	0	191	0	Buried	1	Buried	Buried	True	True	Buried and a Switch	Buried and a Switch
295 A ALA	0	121	0	Exposed	1	Buried	Buried	True	False	Buried and a Switch	Buried and a Switch
296 A PRO	0	154	0	Exposed	1	Buried	Buried	True	False	Buried and a Switch	Buried and a Switch
297 A ALA	0	121	0	Buried	1	Buried	Buried	True	True	Buried and a Switch	Buried and a Switch
298 A GLU	1	214	0.004672897196	Exposed	1	Buried	Buried	True	False	Buried and a Switch	Buried and a Switch
299 A ARG	1	265	0.003773584906	Buried	1	Buried	Buried	True	True	Buried and a Switch	Buried and a Switch
300 A TYR	18	255	0.07058823529	Exposed	1	Buried	Buried	True	False	Buried and a Switch	Buried and a Switch
301 A ASP	4	187	0.02139037433	Buried	1	Buried	Buried	True	True	Buried and a Switch	Buried and a Switch
302 A ILE	4	195	0.02051282051	Buried	1	Buried	Buried	True	True	Buried and a Switch	Buried and a Switch
303 A ILE	0	195	0	Exposed	0	Buried	Buried	True	False	Buried and a Switch	Buried and a Switch
304 A ILE	3	195	0.01538461538	Exposed	0	Buried	Buried	True	False	Buried and a Switch	Buried and a Switch
305 A ASP	39	187	0.2085561497	Exposed	0	Exposed	Buried	True	False	Buried and a Switch	Buried and a Switch
306 A PHE	0	228	0	Exposed	1	Buried	Buried	True	False	Buried and a Switch	Buried and a Switch
307 A THR	70	163	0.4294478528	Exposed	1	Exposed	Exposed	True	True	Buried and a Switch	Buried and a Switch
308 A ALA	84	121	0.694214876	Exposed	1	Exposed	Exposed	True	True	Buried and a Switch	Buried and a Switch
309 A TYR	56	255	0.2196078431	Exposed	1	Exposed	Buried	True	False	Buried and a Switch	Buried and a Switch
310 A GLU	139	214	0.6495327103	Exposed	1	Exposed	Exposed	True	True	Buried and a Switch	Buried and a Switch
311 A GLY	51	97	0.5257731959	Exposed	1	Exposed	Exposed	True	True	Buried and a Switch	Buried and a Switch
312 A GLU	75	214	0.3504672897	Exposed	1	Exposed	Exposed	True	True	Buried and a Switch	Buried and a Switch
313 A SER	66	143	0.4615384615	Exposed	1	Exposed	Exposed	True	True	Buried and a Switch	Buried and a Switch
314 A ILE	1	195	0.005128205128	Exposed	1	Buried	Buried	True	False	Buried and a Switch	Buried and a Switch
315 A ILE	32	195	0.1641025641	Exposed	1	Exposed	Buried	True	False	Buried and a Switch	Buried and a Switch
316 A LEU	4	191	0.02094240838	Buried	1	Buried	Buried	True	True	Buried and a Switch	Buried and a Switch
317 A ALA	21	121	0.173553719	Exposed	0	Exposed	Buried	True	False	Buried and a Switch	Buried and a Switch
318 A ASN	5	187	0.02673796791	Exposed	0	Buried	Buried	True	False	Buried and a Switch	Buried and a Switch
319 A SER	77	143	0.5384615385	Exposed	1	Exposed	Exposed	True	True	Buried and a Switch	Buried and a Switch
320 A ALA	21	121	0.173553719	Exposed	1	Exposed	Buried	True	False	Buried and a Switch	Buried and a Switch
321 A GLY	40	97	0.412371134	Exposed	1	Exposed	Exposed	True	True	Buried and a Switch	Buried and a Switch
322 A CYS	20	148	0.1351351351	Exposed	1	Buried	Buried	True	False	Buried and a Switch	Buried and a Switch
323 A GLY	88	97	0.9072164948	Exposed	1	Exposed	Exposed	True	True	Buried and a Switch	Buried and a Switch
324 A GLY	44	97	0.4536082474	Exposed	1	Exposed	Exposed	True	True	Buried and a Switch	Buried and a Switch
325 A ASP	162	187	0.8663101604	Exposed	1	Exposed	Exposed	True	True	Buried and a Switch	Buried and a Switch
326 A VAL	37	165	0.2242424242	Exposed	1	Exposed	Buried	True	False	Buried and a Switch	Buried and a Switch
327 A ASN	73	187	0.3903743316	Exposed	1	Exposed	Exposed	True	True	Buried and a Switch	Buried and a Switch
328 A PRO	104	154	0.6753246753	Exposed	1	Exposed	Exposed	True	True	Buried and a Switch	Buried and a Switch
329 A GLU	119	214	0.5560747664	Exposed	1	Exposed	Exposed	True	True	Buried and a Switch	Buried and a Switch
330 A THR	14	163	0.08588957055	Exposed	1	Buried	Buried	True	False	Buried and a Switch	Buried and a Switch
331 A ASP	13	187	0.06951871658	Exposed	1	Buried	Buried	True	False	Buried and a Switch	Buried and a Switch
332 A ALA	17	121	0.1404958678	Exposed	0	Buried	Buried	True	False	Buried and a Switch	Buried and a Switch
333 A ASN	13	187	0.06951871658	Exposed	1	Buried	Buried	True	False	Buried and a Switch	Buried and a Switch
334 A ILE	0	195	0	Buried	1	Buried	Buried	True	True	Buried and a Switch	Buried and a Switch
335 A MET	0	203	0	Exposed	1	Buried	Buried	True	False	Buried and a Switch	Buried and a Switch
336 A GLN	24	214	0.1121495327	Exposed	1	Buried	Buried	True	False	Buried and a Switch	Buried and a Switch
337 A PHE	0	228	0	Buried	0	Buried	Buried	True	True	Buried and a Switch	Buried and a Switch
338 A ARG	65	265	0.2452830189	Exposed	0	Exposed	Buried	True	False	Buried and a Switch	Buried and a Switch
339 A VAL	0	165	0	Exposed	1	Buried	Buried	True	False	Buried and a Switch	Buried and a Switch
340 A THR	77	163	0.472392638	Exposed	1	Exposed	Exposed	True	True	Buried and a Switch	Buried and a Switch
341 A LYS	66	230	0.2869565217	Exposed	1	Exposed	Exposed	True	True	Buried and a Switch	Buried and a Switch
342 A PRO	105	154	0.6818181818	Exposed	1	Exposed	Exposed	True	True	Buried and a Switch	Buried and a Switch
343 A LEU	92	191	0.4816753927	Exposed	1	Exposed	Exposed	True	True	Buried and a Switch	Buried and a Switch
344 A ALA	62	121	0.5123966942	Exposed	1	Exposed	Exposed	True	True	Buried and a Switch	Buried and a Switch
345 A GLN	108	214	0.5046728972	Exposed	1	Exposed	Exposed	True	True	Buried and a Switch	Buried and a Switch
346 A LYS	149	230	0.647826087	Exposed	1	Exposed	Exposed	True	True	Buried and a Switch	Buried and a Switch
347 A ASP	30	187	0.1604278075	Exposed	1	Exposed	Buried	True	False	Buried and a Switch	Buried and a Switch
348 A GLU	98	214	0.4579439252	Exposed	1	Exposed	Exposed	True	True	Buried and a Switch	Buried and a Switch
349 A SER	7	143	0.04895104895	Exposed	1	Buried	Buried	True	False	Buried and a Switch	Buried and a Switch
350 A ARG	121	265	0.4566037736	Exposed	0	Exposed	Exposed	True	True	Buried and a Switch	Buried and a Switch
351 A LYS	97	230	0.4217391304	Exposed	0	Exposed	Exposed	True	True	Buried and a Switch	Buried and a Switch
352 A PRO	32	154	0.2077922078	Exposed	0	Exposed	Buried	True	False	Buried and a Switch	Buried and a Switch
353 A LYS	102	230	0.4434782609	Exposed	1	Exposed	Exposed	True	True	Buried and a Switch	Buried and a Switch
354 A TYR	167	255	0.6549019608	Exposed	1	Exposed	Exposed	True	True	Buried and a Switch	Buried and a Switch
355 A LEU	15	191	0.07853403141	Exposed	1	Buried	Buried	True	False	Buried and a Switch	Buried and a Switch
356 A ALA	37	121	0.305785124	Exposed	1	Exposed	Exposed	True	True	Buried and a Switch	Buried and a Switch
357 A SER	98	143	0.6853146853	Exposed	1	Exposed	Exposed	True	True	Buried and a Switch	Buried and a Switch
358 A TYR	83	255	0.3254901961	Exposed	1	Exposed	Exposed	True	True	Buried and a Switch	Buried and a Switch
359 A PRO	3	154	0.01948051948	Exposed	1	Buried	Buried	True	False	Buried and a Switch	Buried and a Switch
360 A SER	76	143	0.5314685315	Exposed	1	Exposed	Exposed	True	True	Buried and a Switch	Buried and a Switch
361 A VAL	100	165	0.6060606061	Exposed	1	Exposed	Exposed	True	True	Buried and a Switch	Buried and a Switch
362 A GLN	89	214	0.4158878505	Exposed	1	Exposed	Exposed	True	True	Buried and a Switch	Buried and a Switch
363 A HIS	165	216	0.7638888889	Exposed	1	Exposed	Exposed	True	True	Buried and a Switch	Buried and a Switch
364 A GLU	97	214	0.453271028	Exposed	1	Exposed	Exposed	True	True	Buried and a Switch	Buried and a Switch
365 A ARG	200	265	0.7547169811	Exposed	1	Exposed	Exposed	True	True	Buried and a Switch	Buried and a Switch
366 A ILE	71	195	0.3641025641	Exposed	1	Exposed	Exposed	True	True	Buried and a Switch	Buried and a Switch
367 A GLN	84	214	0.3925233645	Exposed	1	Exposed	Exposed	True	True	Buried and a Switch	Buried and a Switch
368 A ASN	62	187	0.3315508021	Exposed	1	Exposed	Exposed	True	True	Buried and a Switch	Buried and a Switch
369 A ILE	100	195	0.5128205128	Exposed	1	Exposed	Exposed	True	True	Buried and a Switch	Buried and a Switch
370 A ARG	36	265	0.1358490566	Exposed	1	Buried	Buried	True	False	Buried and a Switch	Buried and a Switch
371 A THR	83	163	0.509202454	Exposed	1	Exposed	Exposed	True	True	Buried and a Switch	Buried and a Switch
372 A LEU	2	191	0.01047120419	Exposed	1	Buried	Buried	True	False	Buried and a Switch	Buried and a Switch
373 A LYS	38	230	0.1652173913	Exposed	1	Exposed	Buried	True	False	Buried and a Switch	Buried and a Switch
374 A LEU	1	191	0.005235602094	Exposed	1	Buried	Buried	True	False	Buried and a Switch	Buried and a Switch
375 A ALA	11	121	0.09090909091	Exposed	1	Buried	Buried	True	False	Buried and a Switch	Buried and a Switch
376 A GLY	33	97	0.3402061856	Exposed	1	Exposed	Exposed	True	True	Buried and a Switch	Buried and a Switch
377 A THR	87	163	0.5337423313	Exposed	1	Exposed	Exposed	True	True	Buried and a Switch	Buried and a Switch
378 A GLN	139	214	0.6495327103	Exposed	1	Exposed	Exposed	True	True	Buried and a Switch	Buried and a Switch
379 A ASP	23	187	0.1229946524	Exposed	0	Buried	Buried	True	False	Buried and a Switch	Buried and a Switch
380 A GLU	168	214	0.785046729	Exposed	1	Exposed	Exposed	True	True	Buried and a Switch	Buried and a Switch
381 A TYR	63	255	0.2470588235	Exposed	1	Exposed	Buried	True	False	Buried and a Switch	Buried and a Switch
382 A GLY	38	97	0.3917525773	Exposed	1	Exposed	Exposed	True	True	Buried and a Switch	Buried and a Switch
383 A ARG	13	265	0.04905660377	Exposed	1	Buried	Buried	True	False	Buried and a Switch	Buried and a Switch
384 A PRO	77	154	0.5	Exposed	1	Exposed	Exposed	True	True	Buried and a Switch	Buried and a Switch
385 A VAL	7	165	0.04242424242	Exposed	1	Buried	Buried	True	False	Buried and a Switch	Buried and a Switch
386 A LEU	31	191	0.1623036649	Exposed	1	Exposed	Buried	True	False	Buried and a Switch	Buried and a Switch
387 A LEU	7	191	0.03664921466	Exposed	1	Buried	Buried	True	False	Buried and a Switch	Buried and a Switch
388 A LEU	1	191	0.005235602094	Buried	1	Buried	Buried	True	True	Buried and a Switch	Buried and a Switch
389 A ASN	61	187	0.3262032086	Exposed	1	Exposed	Exposed	True	True	Buried and a Switch	Buried and a Switch
390 A ASN	82	187	0.4385026738	Exposed	1	Exposed	Exposed	True	True	Buried and a Switch	Buried and a Switch
391 A LYS	79	230	0.3434782609	Exposed	1	Exposed	Exposed	True	True	Buried and a Switch	Buried and a Switch
392 A ARG	77	265	0.2905660377	Exposed	1	Exposed	Exposed	True	True	Buried and a Switch	Buried and a Switch
393 A TRP	12	264	0.04545454545	Exposed	1	Buried	Buried	True	False	Buried and a Switch	Buried and a Switch
394 A HIS	123	216	0.5694444444	Exposed	1	Exposed	Exposed	True	True	Buried and a Switch	Buried and a Switch
395 A ASP	45	187	0.2406417112	Exposed	1	Exposed	Buried	True	False	Buried and a Switch	Buried and a Switch
396 A PRO	104	154	0.6753246753	Exposed	1	Exposed	Exposed	True	True	Buried and a Switch	Buried and a Switch
397 A VAL	43	165	0.2606060606	Exposed	1	Exposed	Buried	True	False	Buried and a Switch	Buried and a Switch
398 A THR	47	163	0.2883435583	Exposed	1	Exposed	Exposed	True	True	Buried and a Switch	Buried and a Switch
399 A GLU	6	214	0.02803738318	Exposed	1	Buried	Buried	True	False	Buried and a Switch	Buried and a Switch
400 A THR	57	163	0.3496932515	Exposed	1	Exposed	Exposed	True	True	Buried and a Switch	Buried and a Switch
401 A PRO	0	154	0	Exposed	1	Buried	Buried	True	False	Buried and a Switch	Buried and a Switch
402 A LYS	121	230	0.5260869565	Exposed	1	Exposed	Exposed	True	True	Buried and a Switch	Buried and a Switch
403 A VAL	44	165	0.2666666667	Exposed	1	Exposed	Buried	True	False	Buried and a Switch	Buried and a Switch
404 A GLY	50	97	0.5154639175	Exposed	1	Exposed	Exposed	True	True	Buried and a Switch	Buried and a Switch
405 A THR	25	163	0.1533742331	Exposed	1	Buried	Buried	True	False	Buried and a Switch	Buried and a Switch
406 A THR	9	163	0.05521472393	Exposed	1	Buried	Buried	True	False	Buried and a Switch	Buried and a Switch
407 A GLU	3	214	0.01401869159	Exposed	1	Buried	Buried	True	False	Buried and a Switch	Buried and a Switch
408 A ILE	17	195	0.08717948718	Exposed	1	Buried	Buried	True	False	Buried and a Switch	Buried and a Switch
409 A TRP	1	264	0.003787878788	Buried	1	Buried	Buried	True	True	Buried and a Switch	Buried and a Switch
410 A SER	13	143	0.09090909091	Exposed	1	Buried	Buried	True	False	Buried and a Switch	Buried and a Switch
411 A ILE	0	195	0	Buried	1	Buried	Buried	True	True	Buried and a Switch	Buried and a Switch
412 A ILE	4	195	0.02051282051	Exposed	1	Buried	Buried	True	False	Buried and a Switch	Buried and a Switch
413 A ASN	0	187	0	Buried	1	Buried	Buried	True	True	Buried and a Switch	Buried and a Switch
414 A PRO	12	154	0.07792207792	Exposed	1	Buried	Buried	True	False	Buried and a Switch	Buried and a Switch
415 A THR	33	163	0.2024539877	Exposed	1	Exposed	Buried	True	False	Buried and a Switch	Buried and a Switch
416 A ARG	259	265	0.9773584906	Exposed	1	Exposed	Exposed	True	True	Buried and a Switch	Buried and a Switch
417 A GLY	37	97	0.381443299	Exposed	1	Exposed	Exposed	True	True	Buried and a Switch	Buried and a Switch
418 A THR	46	163	0.282208589	Exposed	1	Exposed	Exposed	True	True	Buried and a Switch	Buried and a Switch
419 A HIS	8	216	0.03703703704	Exposed	1	Buried	Buried	True	False	Buried and a Switch	Buried and a Switch
420 A PRO	2	154	0.01298701299	Exposed	1	Buried	Buried	True	False	Buried and a Switch	Buried and a Switch
421 A ILE	0	195	0	Buried	1	Buried	Buried	True	True	Buried and a Switch	Buried and a Switch
422 A HIS	1	216	0.00462962963	Exposed	1	Buried	Buried	True	False	Buried and a Switch	Buried and a Switch
423 A LEU	0	191	0	Exposed	1	Buried	Buried	True	False	Buried and a Switch	Buried and a Switch
424 A HIS	1	216	0.00462962963	Exposed	1	Buried	Buried	True	False	Buried and a Switch	Buried and a Switch
425 A LEU	6	191	0.03141361257	Exposed	1	Buried	Buried	True	False	Buried and a Switch	Buried and a Switch
426 A VAL	9	165	0.05454545455	Exposed	1	Buried	Buried	True	False	Buried and a Switch	Buried and a Switch
427 A SER	34	143	0.2377622378	Exposed	1	Exposed	Buried	True	False	Buried and a Switch	Buried and a Switch
428 A PHE	0	228	0	Exposed	1	Buried	Buried	True	False	Buried and a Switch	Buried and a Switch
429 A ARG	47	265	0.1773584906	Exposed	1	Exposed	Buried	True	False	Buried and a Switch	Buried and a Switch
430 A VAL	1	165	0.006060606061	Exposed	1	Buried	Buried	True	False	Buried and a Switch	Buried and a Switch
431 A LEU	49	191	0.2565445026	Exposed	1	Exposed	Buried	True	False	Buried and a Switch	Buried and a Switch
432 A ASP	26	187	0.1390374332	Exposed	1	Buried	Buried	True	False	Buried and a Switch	Buried and a Switch
433 A ARG	22	265	0.08301886792	Exposed	1	Buried	Buried	True	False	Buried and a Switch	Buried and a Switch
434 A ARG	89	265	0.3358490566	Exposed	1	Exposed	Exposed	True	True	Buried and a Switch	Buried and a Switch
435 A PRO	40	154	0.2597402597	Exposed	1	Exposed	Buried	True	False	Buried and a Switch	Buried and a Switch
436 A PHE	8	228	0.0350877193	Exposed	1	Buried	Buried	True	False	Buried and a Switch	Buried and a Switch
437 A ASP	64	187	0.3422459893	Exposed	0	Exposed	Exposed	True	True	Buried and a Switch	Buried and a Switch
438 A ILE	67	195	0.3435897436	Exposed	1	Exposed	Exposed	True	True	Buried and a Switch	Buried and a Switch
439 A ALA	72	121	0.5950413223	Exposed	1	Exposed	Exposed	True	True	Buried and a Switch	Buried and a Switch
440 A ARG	92	265	0.3471698113	Exposed	1	Exposed	Exposed	True	True	Buried and a Switch	Buried and a Switch
441 A TYR	28	255	0.1098039216	Exposed	1	Buried	Buried	True	False	Buried and a Switch	Buried and a Switch
442 A GLN	100	214	0.4672897196	Exposed	1	Exposed	Exposed	True	True	Buried and a Switch	Buried and a Switch
443 A GLU	166	214	0.7757009346	Exposed	1	Exposed	Exposed	True	True	Buried and a Switch	Buried and a Switch
444 A SER	47	143	0.3286713287	Exposed	1	Exposed	Exposed	True	True	Buried and a Switch	Buried and a Switch
445 A GLY	48	97	0.4948453608	Exposed	1	Exposed	Exposed	True	True	Buried and a Switch	Buried and a Switch
446 A GLU	108	214	0.5046728972	Exposed	1	Exposed	Exposed	True	True	Buried and a Switch	Buried and a Switch
447 A LEU	65	191	0.3403141361	Exposed	1	Exposed	Exposed	True	True	Buried and a Switch	Buried and a Switch
448 A SER	41	143	0.2867132867	Exposed	1	Exposed	Exposed	True	True	Buried and a Switch	Buried and a Switch
449 A TYR	79	255	0.3098039216	Exposed	1	Exposed	Exposed	True	True	Buried and a Switch	Buried and a Switch
450 A THR	90	163	0.5521472393	Exposed	1	Exposed	Exposed	True	True	Buried and a Switch	Buried and a Switch
451 A GLY	20	97	0.206185567	Exposed	1	Exposed	Buried	True	False	Buried and a Switch	Buried and a Switch
452 A PRO	99	154	0.6428571429	Exposed	1	Exposed	Exposed	True	True	Buried and a Switch	Buried and a Switch
453 A ALA	40	121	0.3305785124	Exposed	1	Exposed	Exposed	True	True	Buried and a Switch	Buried and a Switch
454 A VAL	88	165	0.5333333333	Exposed	1	Exposed	Exposed	True	True	Buried and a Switch	Buried and a Switch
455 A PRO	88	154	0.5714285714	Exposed	1	Exposed	Exposed	True	True	Buried and a Switch	Buried and a Switch
456 A PRO	13	154	0.08441558442	Exposed	1	Buried	Buried	True	False	Buried and a Switch	Buried and a Switch
457 A PRO	63	154	0.4090909091	Exposed	1	Exposed	Exposed	True	True	Buried and a Switch	Buried and a Switch
458 A PRO	65	154	0.4220779221	Exposed	1	Exposed	Exposed	True	True	Buried and a Switch	Buried and a Switch
459 A SER	11	143	0.07692307692	Exposed	1	Buried	Buried	True	False	Buried and a Switch	Buried and a Switch
460 A GLU	17	214	0.07943925234	Exposed	1	Buried	Buried	True	False	Buried and a Switch	Buried and a Switch
461 A LYS	90	230	0.3913043478	Exposed	1	Exposed	Exposed	True	True	Buried and a Switch	Buried and a Switch
462 A GLY	0	97	0	Exposed	1	Buried	Buried	True	False	Buried and a Switch	Buried and a Switch
463 A TRP	23	264	0.08712121212	Exposed	1	Buried	Buried	True	False	Buried and a Switch	Buried and a Switch
464 A LYS	3	230	0.01304347826	Buried	1	Buried	Buried	True	True	Buried and a Switch	Buried and a Switch
465 A ASP	4	187	0.02139037433	Buried	1	Buried	Buried	True	True	Buried and a Switch	Buried and a Switch
466 A THR	0	163	0	Buried	1	Buried	Buried	True	True	Buried and a Switch	Buried and a Switch
467 A ILE	0	195	0	Buried	1	Buried	Buried	True	True	Buried and a Switch	Buried and a Switch
468 A GLN	14	214	0.06542056075	Exposed	1	Buried	Buried	True	False	Buried and a Switch	Buried and a Switch
469 A ALA	2	121	0.01652892562	Buried	1	Buried	Buried	True	True	Buried and a Switch	Buried and a Switch
470 A HIS	63	216	0.2916666667	Exposed	1	Exposed	Exposed	True	True	Buried and a Switch	Buried and a Switch
471 A ALA	39	121	0.3223140496	Exposed	1	Exposed	Exposed	True	True	Buried and a Switch	Buried and a Switch
472 A GLY	9	97	0.09278350515	Exposed	1	Buried	Buried	True	False	Buried and a Switch	Buried and a Switch
473 A GLU	51	214	0.238317757	Buried	1	Exposed	Buried	True	True	Buried and a Switch	Buried and a Switch
474 A VAL	2	165	0.01212121212	Buried	1	Buried	Buried	True	True	Buried and a Switch	Buried and a Switch
475 A LEU	2	191	0.01047120419	Buried	1	Buried	Buried	True	True	Buried and a Switch	Buried and a Switch
476 A ARG	73	265	0.2754716981	Exposed	1	Exposed	Exposed	True	True	Buried and a Switch	Buried and a Switch
477 A ILE	1	195	0.005128205128	Buried	1	Buried	Buried	True	True	Buried and a Switch	Buried and a Switch
478 A ALA	14	121	0.1157024793	Exposed	1	Buried	Buried	True	False	Buried and a Switch	Buried and a Switch
479 A ALA	3	121	0.02479338843	Exposed	1	Buried	Buried	True	False	Buried and a Switch	Buried and a Switch
480 A THR	48	163	0.2944785276	Exposed	1	Exposed	Exposed	True	True	Buried and a Switch	Buried and a Switch
481 A PHE	0	228	0	Exposed	1	Buried	Buried	True	False	Buried and a Switch	Buried and a Switch
482 A GLY	16	97	0.1649484536	Exposed	1	Exposed	Buried	True	False	Buried and a Switch	Buried and a Switch
483 A PRO	86	154	0.5584415584	Exposed	1	Exposed	Exposed	True	True	Buried and a Switch	Buried and a Switch
484 A TYR	51	255	0.2	Exposed	1	Exposed	Buried	True	False	Buried and a Switch	Buried and a Switch
485 A SER	38	143	0.2657342657	Exposed	1	Exposed	Buried	True	False	Buried and a Switch	Buried and a Switch
486 A GLY	16	97	0.1649484536	Exposed	1	Exposed	Buried	True	False	Buried and a Switch	Buried and a Switch
487 A ARG	52	265	0.1962264151	Exposed	1	Exposed	Buried	True	False	Buried and a Switch	Buried and a Switch
488 A TYR	1	255	0.003921568627	Buried	1	Buried	Buried	True	True	Buried and a Switch	Buried and a Switch
489 A VAL	0	165	0	Buried	1	Buried	Buried	True	True	Buried and a Switch	Buried and a Switch
490 A TRP	0	264	0	Buried	1	Buried	Buried	True	True	Buried and a Switch	Buried and a Switch
491 A HIS	0	216	0	Buried	1	Buried	Buried	True	True	Buried and a Switch	Buried and a Switch
492 A CYS	0	148	0	Buried	1	Buried	Buried	True	True	Buried and a Switch	Buried and a Switch
493 A HIS	0	216	0	Buried	1	Buried	Buried	True	True	Buried and a Switch	Buried and a Switch
494 A ILE	14	195	0.07179487179	Exposed	1	Buried	Buried	True	False	Buried and a Switch	Buried and a Switch
495 A LEU	1	191	0.005235602094	Buried	1	Buried	Buried	True	True	Buried and a Switch	Buried and a Switch
496 A GLU	3	214	0.01401869159	Exposed	1	Buried	Buried	True	False	Buried and a Switch	Buried and a Switch
497 A HIS	24	216	0.1111111111	Exposed	1	Buried	Buried	True	False	Buried and a Switch	Buried and a Switch
498 A GLU	0	214	0	Exposed	1	Buried	Buried	True	False	Buried and a Switch	Buried and a Switch
499 A ASP	5	187	0.02673796791	Exposed	1	Buried	Buried	True	False	Buried and a Switch	Buried and a Switch
500 A TYR	22	255	0.0862745098	Exposed	1	Buried	Buried	True	False	Buried and a Switch	Buried and a Switch
501 A ASP	11	187	0.05882352941	Exposed	1	Buried	Buried	True	False	Buried and a Switch	Buried and a Switch
502 A MET	0	203	0	Buried	1	Buried	Buried	True	True	Buried and a Switch	Buried and a Switch
503 A MET	1	203	0.004926108374	Buried	1	Buried	Buried	True	True	Buried and a Switch	Buried and a Switch
504 A ARG	0	265	0	Exposed	1	Buried	Buried	True	False	Buried and a Switch	Buried and a Switch
505 A PRO	4	154	0.02597402597	Exposed	1	Buried	Buried	True	False	Buried and a Switch	Buried and a Switch
506 A MET	0	203	0	Buried	1	Buried	Buried	True	True	Buried and a Switch	Buried and a Switch
507 A ASP	34	187	0.1818181818	Exposed	1	Exposed	Buried	True	False	Buried and a Switch	Buried and a Switch
508 A ILE	3	195	0.01538461538	Exposed	1	Buried	Buried	True	False	Buried and a Switch	Buried and a Switch
509 A THR	55	163	0.3374233129	Exposed	1	Exposed	Exposed	True	True	Buried and a Switch	Buried and a Switch
510 A ASP	152	187	0.8128342246	Exposed	1	Exposed	Exposed	True	True	Buried and a Switch	Buried and a Switch
