Residue	SphereCon Value	Buried/Exposed (RSA = 16%)	Buried/Exposed (RSA = 27%)	Exposed/Buried Based on Vis.	Bondugula Switch Class	False	False
2 A THR	0.5360306604164159	Exposed	Exposed	Exposed	0	True	True
3 A LEU	0.21135661630449598	Exposed	Buried	Exposed	0	True	False
4 A GLU	0.460789703207737	Exposed	Exposed	Exposed	0	True	True
5 A LYS	0.1171724121051607	Buried	Buried	Exposed	0	False	False
6 A PHE	-0.06204850388739389	Buried	Buried	Exposed	0	False	False
7 A VAL	0.22158930472971186	Exposed	Buried	Exposed	0	True	False
8 A ASP	0.011724997204954134	Buried	Buried	Exposed	0	False	False
9 A ALA	0.32227201935677163	Exposed	Exposed	Exposed	0	True	True
10 A LEU	-0.012456279568763964	Buried	Buried	Exposed	0	False	False
11 A PRO	0.15661431503212503	Buried	Buried	Exposed	0	False	False
12 A ILE	0.3869381053901354	Exposed	Exposed	Exposed	0	True	True
13 A PRO	0.05564348430806477	Buried	Buried	Exposed	0	False	False
14 A ASP	0.5985057481748867	Exposed	Exposed	Exposed	0	True	True
15 A THR	0.3081843655885093	Exposed	Exposed	Exposed	0	True	True
16 A LEU	0.1119033876286596	Buried	Buried	Exposed	0	False	False
17 A LYS	0.6385636013510694	Exposed	Exposed	Exposed	0	True	True
18 A PRO	0.11611064485650624	Buried	Buried	Exposed	0	False	False
19 A VAL	0.3438514654429952	Exposed	Exposed	Exposed	0	True	True
20 A GLN	0.4449062340157429	Exposed	Exposed	Exposed	0	True	True
21 A GLN	0.3526670489989536	Exposed	Exposed	Exposed	0	True	True
22 A SER	0.3569877954413314	Exposed	Exposed	Exposed	1	True	True
23 A LYS	0.7412004648788234	Exposed	Exposed	Exposed	0	True	True
24 A GLU	0.585562163017669	Exposed	Exposed	Exposed	0	True	True
25 A LYS	0.23889223128863196	Exposed	Buried	Exposed	1	True	False
26 A THR	-0.13980000161583306	Buried	Buried	Exposed	0	False	False
27 A TYR	0.053350950447667696	Buried	Buried	Exposed	0	False	False
28 A TYR	-0.12389975217667154	Buried	Buried	Exposed	0	False	False
29 A GLU	0.26349410649323185	Exposed	Buried	Exposed	0	True	False
30 A VAL	-0.13132834804426538	Buried	Buried	Exposed	0	False	False
31 A THR	0.05582787453881667	Buried	Buried	Exposed	0	False	False
32 A MET	-0.15353286732175572	Buried	Buried	Exposed	0	False	False
33 A GLU	0.2349038142601195	Exposed	Buried	Exposed	0	True	False
34 A GLU	0.09287109503177834	Buried	Buried	Exposed	0	False	False
35 A CYS	0.014940781626683835	Buried	Buried	Exposed	0	False	False
36 A THR	0.30897226672269335	Exposed	Exposed	Exposed	0	True	True
37 A HIS	0.19212338316626318	Exposed	Buried	Exposed	0	True	False
38 A GLN	0.26976728199494493	Exposed	Buried	Exposed	1	True	False
39 A LEU	-0.03506536156307829	Buried	Buried	Exposed	1	False	False
40 A HIS	-0.21798236492505088	Buried	Buried	Exposed	1	False	False
41 A ARG	0.4280253500015988	Exposed	Exposed	Exposed	0	True	True
42 A ASP	0.33552758417261963	Exposed	Exposed	Exposed	0	True	True
43 A LEU	0.035332918874312474	Buried	Buried	Exposed	0	False	False
44 A PRO	0.3852576864000176	Exposed	Exposed	Exposed	1	True	True
45 A PRO	0.3264572962012805	Exposed	Exposed	Exposed	0	True	True
46 A THR	-0.10506092323107395	Buried	Buried	Exposed	1	False	False
47 A ARG	0.3196640786976079	Exposed	Exposed	Exposed	0	True	True
48 A LEU	-0.08184196814866529	Buried	Buried	Exposed	0	False	False
49 A TRP	-0.22246357963855412	Buried	Buried	Exposed	0	False	False
50 A GLY	-0.22291239508737634	Buried	Buried	Buried	0	True	True
51 A TYR	-0.28017732561039577	Buried	Buried	Buried	0	True	True
52 A ASN	0.1741051137611509	Exposed	Buried	Exposed	1	True	False
53 A GLY	0.1378599274663607	Buried	Buried	Exposed	0	False	False
54 A LEU	0.31131876815476983	Exposed	Exposed	Exposed	1	True	True
55 A PHE	-0.024471670106561594	Buried	Buried	Exposed	1	False	False
56 A PRO	0.06300723518168619	Buried	Buried	Exposed	0	False	False
57 A GLY	-0.060982822639299356	Buried	Buried	Exposed	1	False	False
58 A PRO	-0.06791100521802611	Buried	Buried	Exposed	1	False	False
59 A THR	-0.04035220868506682	Buried	Buried	Exposed	1	False	False
60 A ILE	-0.07839073675427483	Buried	Buried	Buried	0	True	True
61 A GLU	0.30678746539075324	Exposed	Exposed	Exposed	0	True	True
62 A VAL	-0.09586431336999665	Buried	Buried	Exposed	0	False	False
63 A LYS	0.44206357478560176	Exposed	Exposed	Exposed	0	True	True
64 A ARG	0.23732146874344065	Exposed	Buried	Exposed	1	True	False
65 A ASN	0.3518460083999928	Exposed	Exposed	Exposed	0	True	True
66 A GLU	0.0902172790674851	Buried	Buried	Exposed	1	False	False
67 A ASN	0.10236765804035465	Buried	Buried	Exposed	0	False	False
68 A VAL	-0.18986286474662134	Buried	Buried	Buried	1	True	True
69 A TYR	0.04334635655071766	Buried	Buried	Exposed	0	False	False
70 A VAL	-0.16585517020266388	Buried	Buried	Buried	0	True	True
71 A LYS	0.18442444910145078	Exposed	Buried	Exposed	0	True	False
72 A TRP	-0.16382465120241319	Buried	Buried	Buried	0	True	True
73 A MET	0.14590771665198235	Buried	Buried	Exposed	0	False	False
74 A ASN	-0.1986639767549182	Buried	Buried	Exposed	0	False	False
75 A ASN	0.285512269536316	Exposed	Exposed	Exposed	1	True	True
76 A LEU	-0.08456234981441949	Buried	Buried	Exposed	0	False	False
77 A PRO	0.22713813970251903	Exposed	Buried	Exposed	0	True	False
78 A SER	0.4918660877808438	Exposed	Exposed	Exposed	1	True	True
79 A THR	0.4955344658334027	Exposed	Exposed	Exposed	0	True	True
80 A HIS	-0.20156053404760976	Buried	Buried	Exposed	1	False	False
81 A PHE	0.03567474669036159	Buried	Buried	Exposed	1	False	False
82 A LEU	-0.044120128574216065	Buried	Buried	Exposed	0	False	False
83 A PRO	0.1504695813793656	Buried	Buried	Exposed	1	False	False
84 A ILE	0.1851195141502326	Exposed	Buried	Exposed	0	True	False
85 A ASP	-0.10210658379884213	Buried	Buried	Exposed	0	False	False
86 A HIS	0.5062196635166839	Exposed	Exposed	Exposed	1	True	True
87 A THR	0.20339127309104282	Exposed	Buried	Exposed	1	True	False
88 A ILE	0.10975305555253996	Buried	Buried	Exposed	1	False	False
89 A HIS	0.4683092949707762	Exposed	Exposed	Exposed	1	True	True
97 A GLU	0.5296337633166018	Exposed	Exposed	Exposed	0	True	True
98 A PRO	0.1815407576742806	Exposed	Buried	Exposed	0	True	False
99 A GLU	0.31568225024072943	Exposed	Exposed	Exposed	0	True	True
100 A VAL	-0.06826630214731072	Buried	Buried	Exposed	1	False	False
101 A LYS	-0.022471683172657797	Buried	Buried	Exposed	1	False	False
102 A THR	-0.15868121731512216	Buried	Buried	Buried	1	True	True
103 A VAL	-0.20725376954761554	Buried	Buried	Buried	1	True	True
104 A VAL	-0.15819244753620906	Buried	Buried	Buried	1	True	True
105 A HIS	-0.2855745546987119	Buried	Buried	Exposed	1	False	False
106 A LEU	-0.1543409083779779	Buried	Buried	Buried	1	True	True
107 A HIS	-0.34677910373416476	Buried	Buried	Buried	1	True	True
108 A GLY	0.03009122931304278	Buried	Buried	Exposed	1	False	False
109 A GLY	0.11374012120332407	Buried	Buried	Buried	1	True	True
110 A VAL	0.10504176817510169	Buried	Buried	Exposed	1	False	False
111 A THR	-0.15945151381704697	Buried	Buried	Buried	1	True	True
112 A PRO	0.065146884111078	Buried	Buried	Exposed	1	False	False
113 A ASP	0.18126974857945316	Exposed	Buried	Exposed	1	True	False
114 A ASP	0.20523567974511076	Exposed	Buried	Exposed	1	True	False
115 A SER	-0.2280809438774101	Buried	Buried	Exposed	1	False	False
116 A ASP	-0.20878204814715068	Buried	Buried	Exposed	1	False	False
117 A GLY	-0.05854174498969482	Buried	Buried	Exposed	1	False	False
118 A TYR	-0.11738455991189528	Buried	Buried	Exposed	1	False	False
119 A PRO	-0.12842472845794076	Buried	Buried	Buried	1	True	True
120 A GLU	-0.002589695223017753	Buried	Buried	Exposed	1	False	False
121 A ALA	-0.11271196468743552	Buried	Buried	Exposed	1	False	False
122 A TRP	-0.16197539840453015	Buried	Buried	Exposed	1	False	False
123 A PHE	-0.2628513366941902	Buried	Buried	Buried	1	True	True
124 A SER	-0.11586592175716143	Buried	Buried	Exposed	1	False	False
125 A LYS	0.2806744276571949	Exposed	Exposed	Exposed	1	True	True
126 A ASP	0.4145946875953732	Exposed	Exposed	Exposed	1	True	True
127 A PHE	0.03778499836373755	Buried	Buried	Exposed	1	False	False
128 A GLU	0.5112492886565841	Exposed	Exposed	Exposed	1	True	True
129 A GLN	0.3659890882680528	Exposed	Exposed	Exposed	1	True	True
130 A THR	0.08082729427854754	Buried	Buried	Exposed	1	False	False
131 A GLY	0.07027851356066793	Buried	Buried	Exposed	1	False	False
132 A PRO	0.36115305972663225	Exposed	Exposed	Exposed	1	True	True
133 A TYR	0.2741086555039946	Exposed	Exposed	Exposed	1	True	True
134 A PHE	0.013629024497631596	Buried	Buried	Exposed	1	False	False
135 A LYS	0.5012823693970967	Exposed	Exposed	Exposed	1	True	True
136 A ARG	0.2770878319711961	Exposed	Exposed	Exposed	1	True	True
137 A GLU	0.3649228625833058	Exposed	Exposed	Exposed	1	True	True
138 A VAL	0.13598594316070842	Buried	Buried	Exposed	1	False	False
139 A TYR	-0.2560977006083359	Buried	Buried	Buried	1	True	True
140 A HIS	0.07755924629872195	Buried	Buried	Exposed	1	False	False
141 A TYR	-0.2594993086641128	Buried	Buried	Buried	1	True	True
142 A PRO	-0.014118561157122848	Buried	Buried	Exposed	1	False	False
143 A ASN	-0.24908285806852332	Buried	Buried	Buried	1	True	True
144 A GLN	0.39255014764586005	Exposed	Exposed	Exposed	1	True	True
145 A GLN	0.13922561593732924	Buried	Buried	Exposed	1	False	False
146 A ARG	0.3853135931239517	Exposed	Exposed	Exposed	1	True	True
147 A GLY	0.09959216015648556	Buried	Buried	Exposed	1	False	False
148 A ALA	0.04225277485751179	Buried	Buried	Exposed	1	False	False
149 A ILE	-0.11697042888695279	Buried	Buried	Buried	1	True	True
150 A LEU	-0.09337200087184234	Buried	Buried	Exposed	1	False	False
151 A TRP	-0.23197229661436558	Buried	Buried	Buried	1	True	True
152 A TYR	-0.28248313918820883	Buried	Buried	Buried	0	True	True
153 A HIS	-0.31264550183384376	Buried	Buried	Buried	0	True	True
154 A ASP	-0.23027275806560377	Buried	Buried	Buried	0	True	True
155 A HIS	-0.26909862637389415	Buried	Buried	Buried	1	True	True
156 A ALA	-0.2003805227484055	Buried	Buried	Buried	1	True	True
157 A MET	0.11754701866876657	Buried	Buried	Buried	1	True	True
158 A ALA	0.19942664437953794	Exposed	Buried	Buried	1	False	True
159 A LEU	-0.0002721474570328747	Buried	Buried	Buried	1	True	True
160 A THR	-0.2040066941580836	Buried	Buried	Buried	1	True	True
161 A ARG	-0.09044339355276158	Buried	Buried	Buried	1	True	True
162 A LEU	-0.09019931124072356	Buried	Buried	Buried	1	True	True
163 A ASN	-0.19287752481325893	Buried	Buried	Buried	1	True	True
164 A VAL	-0.16052905683760696	Buried	Buried	Buried	0	True	True
165 A TYR	-0.20036259997942202	Buried	Buried	Buried	0	True	True
166 A ALA	-0.17896170383046084	Buried	Buried	Buried	1	True	True
167 A GLY	-0.0638160997269146	Buried	Buried	Buried	1	True	True
168 A LEU	-0.15667925467380572	Buried	Buried	Buried	1	True	True
169 A VAL	-0.09767738334839629	Buried	Buried	Buried	1	True	True
170 A GLY	-0.06641657249234699	Buried	Buried	Buried	1	True	True
171 A ALA	-0.021107978829760874	Buried	Buried	Buried	1	True	True
172 A TYR	-0.22245246526345502	Buried	Buried	Buried	1	True	True
173 A ILE	-0.02957766291628732	Buried	Buried	Exposed	0	False	False
174 A ILE	-0.12318908087403757	Buried	Buried	Buried	0	True	True
175 A HIS	0.21129089391435438	Exposed	Buried	Exposed	0	True	False
176 A ASP	0.09486155304692268	Buried	Buried	Exposed	1	False	False
177 A PRO	0.38754698890855277	Exposed	Exposed	Exposed	1	True	True
178 A LYS	0.556566035495866	Exposed	Exposed	Exposed	1	True	True
179 A GLU	0.20996328322059107	Exposed	Buried	Exposed	1	True	False
180 A LYS	0.5875520514506949	Exposed	Exposed	Exposed	1	True	True
181 A ARG	0.6085261792805493	Exposed	Exposed	Exposed	0	True	True
182 A LEU	0.20757883667316854	Exposed	Buried	Exposed	0	True	False
183 A LYS	0.3950294202503205	Exposed	Exposed	Exposed	1	True	True
184 A LEU	0.05756275602883783	Buried	Buried	Exposed	1	False	False
185 A PRO	-0.20519996255546263	Buried	Buried	Exposed	1	False	False
186 A SER	0.3920154850779813	Exposed	Exposed	Exposed	1	True	True
187 A ASP	0.5806133235181333	Exposed	Exposed	Exposed	1	True	True
188 A GLU	0.4706879176237358	Exposed	Exposed	Exposed	1	True	True
189 A TYR	-0.009819837954557374	Buried	Buried	Exposed	1	False	False
190 A ASP	-0.03748655638843111	Buried	Buried	Exposed	1	False	False
191 A VAL	0.024445511427367294	Buried	Buried	Exposed	1	False	False
192 A PRO	0.06079819751738365	Buried	Buried	Exposed	1	False	False
193 A LEU	-0.032326415524912985	Buried	Buried	Buried	1	True	True
194 A LEU	-0.09980510842794375	Buried	Buried	Buried	0	True	True
195 A ILE	-0.11260059370296761	Buried	Buried	Buried	0	True	True
196 A THR	-0.0797905066562474	Buried	Buried	Buried	0	True	True
197 A ASP	-0.28185694698372565	Buried	Buried	Buried	0	True	True
198 A ARG	-0.06563878089990476	Buried	Buried	Buried	0	True	True
199 A THR	-0.004319256247976887	Buried	Buried	Exposed	0	False	False
200 A ILE	0.0391943309638766	Buried	Buried	Exposed	1	False	False
201 A ASN	0.19570274461763684	Exposed	Buried	Exposed	1	True	False
202 A GLU	0.7433407162142962	Exposed	Exposed	Exposed	1	True	True
203 A ASP	0.4531119733233516	Exposed	Exposed	Exposed	1	True	True
204 A GLY	0.05558244702916343	Buried	Buried	Exposed	1	False	False
205 A SER	0.24756582428667387	Exposed	Buried	Exposed	1	True	False
206 A LEU	-0.05338940455994799	Buried	Buried	Exposed	1	False	False
207 A PHE	0.2897914445463577	Exposed	Exposed	Exposed	1	True	True
208 A TYR	-0.11823869057388454	Buried	Buried	Exposed	1	False	False
209 A PRO	0.11980495831001968	Buried	Buried	Exposed	1	False	False
210 A SER	0.32245408037601414	Exposed	Exposed	Exposed	1	True	True
211 A ALA	0.18764513417559142	Exposed	Buried	Exposed	1	True	False
212 A PRO	0.2104326606258193	Exposed	Buried	Exposed	1	True	False
213 A GLU	0.6742326718162692	Exposed	Exposed	Exposed	1	True	True
214 A ASN	0.6202046466627166	Exposed	Exposed	Exposed	1	True	True
215 A PRO	0.3681304107411649	Exposed	Exposed	Exposed	1	True	True
216 A SER	0.40962494264494953	Exposed	Exposed	Exposed	1	True	True
217 A PRO	0.6556259707153488	Exposed	Exposed	Exposed	1	True	True
218 A SER	0.4284829768334938	Exposed	Exposed	Exposed	1	True	True
219 A LEU	0.0786102422862569	Buried	Buried	Exposed	1	False	False
220 A PRO	0.08867380317263823	Buried	Buried	Exposed	1	False	False
221 A ASN	0.5254249449043729	Exposed	Exposed	Exposed	1	True	True
222 A PRO	0.24397431917780554	Exposed	Buried	Exposed	1	True	False
223 A SER	-0.10143428867108241	Buried	Buried	Buried	1	True	True
224 A ILE	-0.0018271517628904667	Buried	Buried	Exposed	1	False	False
225 A VAL	0.11189585473388483	Buried	Buried	Exposed	1	False	False
226 A PRO	0.4015030598995528	Exposed	Exposed	Exposed	1	True	True
227 A ALA	0.30149222811045756	Exposed	Exposed	Exposed	1	True	True
228 A PHE	-0.1504525431966271	Buried	Buried	Exposed	1	False	False
229 A CYS	0.2597121485706679	Exposed	Buried	Exposed	1	True	False
230 A GLY	0.04917156429718949	Buried	Buried	Exposed	1	False	False
231 A GLU	0.5253577347818619	Exposed	Exposed	Exposed	1	True	True
232 A THR	-0.10201709888363063	Buried	Buried	Exposed	1	False	False
233 A ILE	-0.24399408455693217	Buried	Buried	Buried	1	True	True
234 A LEU	-0.12665649088584957	Buried	Buried	Buried	1	True	True
235 A VAL	-0.15452620318655153	Buried	Buried	Exposed	1	False	False
236 A ASN	-0.12171618140683706	Buried	Buried	Exposed	1	False	False
237 A GLY	0.05456746835595142	Buried	Buried	Exposed	1	False	False
238 A LYS	0.034164232711569965	Buried	Buried	Exposed	1	False	False
239 A VAL	-0.13239191846818374	Buried	Buried	Buried	1	True	True
240 A TRP	-0.20385235806409416	Buried	Buried	Exposed	1	False	False
241 A PRO	-0.28061914444159297	Buried	Buried	Buried	1	True	True
242 A TYR	0.08119075179506438	Buried	Buried	Exposed	1	False	False
243 A LEU	0.04081039448743187	Buried	Buried	Exposed	1	False	False
244 A GLU	0.2595743845134501	Exposed	Buried	Exposed	1	True	False
245 A VAL	-0.10149638820501707	Buried	Buried	Buried	1	True	True
246 A GLU	-0.1069974601840207	Buried	Buried	Exposed	1	False	False
247 A PRO	-0.07674929634954139	Buried	Buried	Exposed	1	False	False
248 A ARG	-0.12935937837377795	Buried	Buried	Exposed	1	False	False
249 A LYS	-0.02238639749941691	Buried	Buried	Exposed	1	False	False
250 A TYR	-0.2582980685079186	Buried	Buried	Exposed	1	False	False
251 A ARG	-0.0007583448335076421	Buried	Buried	Exposed	1	False	False
252 A PHE	-0.18605166022976227	Buried	Buried	Buried	1	True	True
253 A ARG	0.00047492032220848807	Buried	Buried	Exposed	0	False	False
254 A VAL	-0.0803367359760138	Buried	Buried	Buried	0	True	True
255 A ILE	-0.15530100808116978	Buried	Buried	Buried	0	True	True
256 A ASN	-0.30447072490317095	Buried	Buried	Buried	0	True	True
257 A ALA	-0.020443006867149047	Buried	Buried	Buried	1	True	True
258 A SER	-0.18939195902194256	Buried	Buried	Buried	1	True	True
259 A ASN	-0.18884475965220685	Buried	Buried	Buried	1	True	True
260 A THR	-0.04495460617007472	Buried	Buried	Exposed	1	False	False
261 A ARG	-0.06016813968646746	Buried	Buried	Exposed	1	False	False
262 A THR	0.12094669704296214	Buried	Buried	Exposed	1	False	False
263 A TYR	-0.2238254845368883	Buried	Buried	Buried	1	True	True
264 A ASN	0.166909971563978	Exposed	Buried	Exposed	1	True	False
265 A LEU	-0.09427100087915037	Buried	Buried	Exposed	1	False	False
266 A SER	0.12028205040628756	Buried	Buried	Exposed	1	False	False
267 A LEU	-0.0637531747753507	Buried	Buried	Exposed	0	False	False
268 A ASP	0.290115240784463	Exposed	Exposed	Exposed	1	True	True
269 A ASN	0.1662639376724497	Exposed	Buried	Exposed	1	True	False
270 A GLY	0.4577930481970396	Exposed	Exposed	Exposed	1	True	True
271 A GLY	0.29885788880154057	Exposed	Exposed	Exposed	1	True	True
272 A ASP	0.2810032494176597	Exposed	Exposed	Exposed	1	True	True
273 A PHE	-0.18133116709645233	Buried	Buried	Exposed	1	False	False
274 A ILE	0.04635859878131565	Buried	Buried	Exposed	1	False	False
275 A GLN	-0.169211823820549	Buried	Buried	Buried	1	True	True
276 A ILE	-0.09995537587741447	Buried	Buried	Buried	1	True	True
277 A GLY	-0.0066563639671162285	Buried	Buried	Exposed	0	False	False
278 A SER	-0.11962242821342337	Buried	Buried	Exposed	0	False	False
279 A ASP	-0.12969529852652367	Buried	Buried	Exposed	1	False	False
280 A GLY	0.057686758153059264	Buried	Buried	Exposed	1	False	False
281 A GLY	0.1069506420651756	Buried	Buried	Exposed	1	False	False
282 A LEU	0.1331357204722666	Buried	Buried	Exposed	1	False	False
283 A LEU	-0.10863406270098801	Buried	Buried	Exposed	1	False	False
284 A PRO	-0.03809478681464301	Buried	Buried	Exposed	1	False	False
285 A ARG	0.25225862769926444	Exposed	Buried	Exposed	0	True	False
286 A SER	-0.02595897929801625	Buried	Buried	Exposed	0	False	False
287 A VAL	0.14836189449283943	Buried	Buried	Exposed	0	False	False
288 A LYS	0.48758917542371544	Exposed	Exposed	Exposed	0	True	True
289 A LEU	0.09945851376404938	Buried	Buried	Exposed	0	False	False
290 A ASN	0.3748930333732134	Exposed	Exposed	Exposed	1	True	True
291 A SER	0.24569254120044381	Exposed	Buried	Exposed	1	True	False
292 A PHE	-0.08674125256980401	Buried	Buried	Exposed	1	False	False
293 A SER	0.23686930272587972	Exposed	Buried	Exposed	1	True	False
294 A LEU	-0.1819502914366993	Buried	Buried	Buried	1	True	True
295 A ALA	0.02677145468131747	Buried	Buried	Exposed	1	False	False
296 A PRO	-0.21325897283440226	Buried	Buried	Exposed	1	False	False
297 A ALA	-0.14415685242581963	Buried	Buried	Buried	1	True	True
298 A GLU	-0.12270706579224268	Buried	Buried	Exposed	1	False	False
299 A ARG	-0.20704353470893153	Buried	Buried	Buried	1	True	True
300 A TYR	-0.14029647378208154	Buried	Buried	Exposed	1	False	False
301 A ASP	-0.15796572386042562	Buried	Buried	Buried	1	True	True
302 A ILE	-0.17698367858470407	Buried	Buried	Buried	1	True	True
303 A ILE	-0.13400810626618664	Buried	Buried	Exposed	0	False	False
304 A ILE	-0.07706054463708684	Buried	Buried	Exposed	0	False	False
305 A ASP	0.15311848333508832	Buried	Buried	Exposed	0	False	False
306 A PHE	-0.31505168194581923	Buried	Buried	Exposed	1	False	False
307 A THR	0.276815054280856	Exposed	Exposed	Exposed	1	True	True
308 A ALA	0.5024968444392303	Exposed	Exposed	Exposed	1	True	True
309 A TYR	0.1761417344442602	Exposed	Buried	Exposed	1	True	False
310 A GLU	0.4181827121434792	Exposed	Exposed	Exposed	1	True	True
311 A GLY	0.40357397640131043	Exposed	Exposed	Exposed	1	True	True
312 A GLU	0.29886259645494856	Exposed	Exposed	Exposed	1	True	True
313 A SER	0.26303992911216867	Exposed	Buried	Exposed	1	True	False
314 A ILE	-0.08566496084434456	Buried	Buried	Exposed	1	False	False
315 A ILE	0.13676932339860337	Buried	Buried	Exposed	1	False	False
316 A LEU	-0.026394403880392648	Buried	Buried	Buried	1	True	True
317 A ALA	0.07190495675052737	Buried	Buried	Exposed	0	False	False
318 A ASN	-0.18452991281606884	Buried	Buried	Exposed	0	False	False
319 A SER	0.3845412773331384	Exposed	Exposed	Exposed	1	True	True
320 A ALA	0.24829190365067874	Exposed	Buried	Exposed	1	True	False
321 A GLY	0.29799603585849416	Exposed	Exposed	Exposed	1	True	True
322 A CYS	0.2055194695255733	Exposed	Buried	Exposed	1	True	False
323 A GLY	0.6616168533925336	Exposed	Exposed	Exposed	1	True	True
324 A GLY	0.6064236621143165	Exposed	Exposed	Exposed	1	True	True
325 A ASP	0.6757124246935308	Exposed	Exposed	Exposed	1	True	True
326 A VAL	0.15528893218569953	Buried	Buried	Exposed	1	False	False
327 A ASN	0.313866626631084	Exposed	Exposed	Exposed	1	True	True
328 A PRO	0.5149173758791133	Exposed	Exposed	Exposed	1	True	True
329 A GLU	0.5199249399273754	Exposed	Exposed	Exposed	1	True	True
330 A THR	0.05068577739624843	Buried	Buried	Exposed	1	False	False
331 A ASP	-0.026606160519799874	Buried	Buried	Exposed	1	False	False
332 A ALA	0.02521423524863485	Buried	Buried	Exposed	0	False	False
333 A ASN	-0.09222342667990191	Buried	Buried	Exposed	1	False	False
334 A ILE	-0.07924000893176153	Buried	Buried	Buried	1	True	True
335 A MET	-0.07293664228847783	Buried	Buried	Exposed	1	False	False
336 A GLN	-0.03050684963176799	Buried	Buried	Exposed	1	False	False
337 A PHE	-0.1596652891947767	Buried	Buried	Buried	0	True	True
338 A ARG	0.18789922351905175	Exposed	Buried	Exposed	0	True	False
339 A VAL	-0.20985439232127864	Buried	Buried	Exposed	1	False	False
340 A THR	0.26025454700279976	Exposed	Buried	Exposed	1	True	False
341 A LYS	0.25840135834739547	Exposed	Buried	Exposed	1	True	False
342 A PRO	0.5495569116329084	Exposed	Exposed	Exposed	1	True	True
343 A LEU	0.2952405418081937	Exposed	Exposed	Exposed	1	True	True
344 A ALA	0.4087059241244786	Exposed	Exposed	Exposed	1	True	True
345 A GLN	0.43287095235761364	Exposed	Exposed	Exposed	1	True	True
346 A LYS	0.6467005840848662	Exposed	Exposed	Exposed	1	True	True
347 A ASP	0.11466731651749806	Buried	Buried	Exposed	1	False	False
348 A GLU	0.4654063347509037	Exposed	Exposed	Exposed	1	True	True
349 A SER	-0.041252162823135485	Buried	Buried	Exposed	1	False	False
350 A ARG	0.4382453652453016	Exposed	Exposed	Exposed	0	True	True
351 A LYS	0.4199188573503205	Exposed	Exposed	Exposed	0	True	True
352 A PRO	0.16403397519269536	Exposed	Buried	Exposed	0	True	False
353 A LYS	0.38675706702660834	Exposed	Exposed	Exposed	1	True	True
354 A TYR	0.5581377425250467	Exposed	Exposed	Exposed	1	True	True
355 A LEU	-0.014278935942381993	Buried	Buried	Exposed	1	False	False
356 A ALA	0.27604095699164455	Exposed	Exposed	Exposed	1	True	True
357 A SER	0.5876952643304132	Exposed	Exposed	Exposed	1	True	True
358 A TYR	0.2768694336692051	Exposed	Exposed	Exposed	1	True	True
359 A PRO	-0.006855587536814864	Buried	Buried	Exposed	1	False	False
360 A SER	0.3643008687339508	Exposed	Exposed	Exposed	1	True	True
361 A VAL	0.49858130382382143	Exposed	Exposed	Exposed	1	True	True
362 A GLN	0.3369087826223207	Exposed	Exposed	Exposed	1	True	True
363 A HIS	0.5777619894427168	Exposed	Exposed	Exposed	1	True	True
364 A GLU	0.3851408403056871	Exposed	Exposed	Exposed	1	True	True
365 A ARG	0.6442916282853237	Exposed	Exposed	Exposed	1	True	True
366 A ILE	0.3060699718938835	Exposed	Exposed	Exposed	1	True	True
367 A GLN	0.32194301036007256	Exposed	Exposed	Exposed	1	True	True
368 A ASN	0.26988118604215405	Exposed	Buried	Exposed	1	True	False
369 A ILE	0.3845964145524828	Exposed	Exposed	Exposed	1	True	True
370 A ARG	0.08347388866709914	Buried	Buried	Exposed	1	False	False
371 A THR	0.39003719394880954	Exposed	Exposed	Exposed	1	True	True
372 A LEU	-0.00750959680056601	Buried	Buried	Exposed	1	False	False
373 A LYS	0.11795173367466753	Buried	Buried	Exposed	1	False	False
374 A LEU	-0.09940079012318435	Buried	Buried	Exposed	1	False	False
375 A ALA	0.13917659613795066	Buried	Buried	Exposed	1	False	False
376 A GLY	0.24984990165922574	Exposed	Buried	Exposed	1	True	False
377 A THR	0.42708660071682747	Exposed	Exposed	Exposed	1	True	True
378 A GLN	0.4561504076653709	Exposed	Exposed	Exposed	1	True	True
379 A ASP	-0.029880002642900617	Buried	Buried	Exposed	0	False	False
380 A GLU	0.5629872673024799	Exposed	Exposed	Exposed	1	True	True
381 A TYR	0.19922438789389238	Exposed	Buried	Exposed	1	True	False
382 A GLY	0.322790052238154	Exposed	Exposed	Exposed	1	True	True
383 A ARG	-0.08543966178444563	Buried	Buried	Exposed	1	False	False
384 A PRO	0.36344517445786817	Exposed	Exposed	Exposed	1	True	True
385 A VAL	0.026893820853652307	Buried	Buried	Exposed	1	False	False
386 A LEU	0.06619465933097313	Buried	Buried	Exposed	1	False	False
387 A LEU	0.004222188235866495	Buried	Buried	Exposed	1	False	False
388 A LEU	-0.15039594077074606	Buried	Buried	Buried	1	True	True
389 A ASN	0.22054907548079464	Exposed	Buried	Exposed	1	True	False
390 A ASN	0.2871742608446285	Exposed	Exposed	Exposed	1	True	True
391 A LYS	0.27375196229553944	Exposed	Exposed	Exposed	1	True	True
392 A ARG	0.2864097963041221	Exposed	Exposed	Exposed	1	True	True
393 A TRP	-0.005469569818088407	Buried	Buried	Exposed	1	False	False
394 A HIS	0.40896346907753167	Exposed	Exposed	Exposed	1	True	True
395 A ASP	0.18601539999209224	Exposed	Buried	Exposed	1	True	False
396 A PRO	0.5350396696751563	Exposed	Exposed	Exposed	1	True	True
397 A VAL	0.19866446389812176	Exposed	Buried	Exposed	1	True	False
398 A THR	0.30065631246910957	Exposed	Exposed	Exposed	1	True	True
399 A GLU	-0.06093844073494619	Buried	Buried	Exposed	1	False	False
400 A THR	0.2099854167585247	Exposed	Buried	Exposed	1	True	False
401 A PRO	-0.1671771571884549	Buried	Buried	Exposed	1	False	False
402 A LYS	0.45883908249780553	Exposed	Exposed	Exposed	1	True	True
403 A VAL	0.20907529991134688	Exposed	Buried	Exposed	1	True	False
404 A GLY	0.3932558486913672	Exposed	Exposed	Exposed	1	True	True
405 A THR	0.09761507339406882	Buried	Buried	Exposed	1	False	False
406 A THR	-0.03029919096583328	Buried	Buried	Exposed	1	False	False
407 A GLU	-0.21484032386359803	Buried	Buried	Exposed	1	False	False
408 A ILE	0.1109241121353349	Buried	Buried	Exposed	1	False	False
409 A TRP	-0.16437156589707955	Buried	Buried	Buried	1	True	True
410 A SER	-0.0003536338703359849	Buried	Buried	Exposed	1	False	False
411 A ILE	-0.07390822634666343	Buried	Buried	Buried	1	True	True
412 A ILE	-0.026332195605165636	Buried	Buried	Exposed	1	False	False
413 A ASN	-0.2441112778784766	Buried	Buried	Buried	1	True	True
414 A PRO	-0.10476037801559812	Buried	Buried	Exposed	1	False	False
415 A THR	0.16050663684243607	Exposed	Buried	Exposed	1	True	False
416 A ARG	0.7719953983965759	Exposed	Exposed	Exposed	1	True	True
417 A GLY	0.4185731918017869	Exposed	Exposed	Exposed	1	True	True
418 A THR	0.17181757957822003	Exposed	Buried	Exposed	1	True	False
419 A HIS	-0.1013037509465914	Buried	Buried	Exposed	1	False	False
420 A PRO	-0.22181752001478772	Buried	Buried	Exposed	1	False	False
421 A ILE	-0.11659181715220161	Buried	Buried	Buried	1	True	True
422 A HIS	-0.3397959481700477	Buried	Buried	Exposed	1	False	False
423 A LEU	-0.13219264894264185	Buried	Buried	Exposed	1	False	False
424 A HIS	-0.24441013986271126	Buried	Buried	Exposed	1	False	False
425 A LEU	-0.07053799823456997	Buried	Buried	Exposed	1	False	False
426 A VAL	0.05261537413189101	Buried	Buried	Exposed	1	False	False
427 A SER	0.07388009323507232	Buried	Buried	Exposed	1	False	False
428 A PHE	-0.13727509632793253	Buried	Buried	Exposed	1	False	False
429 A ARG	0.10367066398192855	Buried	Buried	Exposed	1	False	False
430 A VAL	-0.12737506134631138	Buried	Buried	Exposed	1	False	False
431 A LEU	0.2552662648250176	Exposed	Buried	Exposed	1	True	False
432 A ASP	0.06412976169904366	Buried	Buried	Exposed	1	False	False
433 A ARG	0.017619527721952806	Buried	Buried	Exposed	1	False	False
434 A ARG	0.22591497881418957	Exposed	Buried	Exposed	1	True	False
435 A PRO	0.07973668438578603	Buried	Buried	Exposed	1	False	False
436 A PHE	-0.2888241625245818	Buried	Buried	Exposed	1	False	False
437 A ASP	0.23613915747599182	Exposed	Buried	Exposed	0	True	False
438 A ILE	0.23405332053294356	Exposed	Buried	Exposed	1	True	False
439 A ALA	0.519980863044981	Exposed	Exposed	Exposed	1	True	True
440 A ARG	0.31123685927442724	Exposed	Exposed	Exposed	1	True	True
441 A TYR	-0.016701286554224686	Buried	Buried	Exposed	1	False	False
442 A GLN	0.34263561119132735	Exposed	Exposed	Exposed	1	True	True
443 A GLU	0.6074457194002975	Exposed	Exposed	Exposed	1	True	True
444 A SER	0.224713959833144	Exposed	Buried	Exposed	1	True	False
445 A GLY	0.3255229698252262	Exposed	Exposed	Exposed	1	True	True
446 A GLU	0.4725502884496159	Exposed	Exposed	Exposed	1	True	True
447 A LEU	0.2265465625420958	Exposed	Buried	Exposed	1	True	False
448 A SER	0.30475616487815	Exposed	Exposed	Exposed	1	True	True
449 A TYR	0.15691219911275864	Buried	Buried	Exposed	1	False	False
450 A THR	0.34669153760332505	Exposed	Exposed	Exposed	1	True	True
451 A GLY	0.40200127745201386	Exposed	Exposed	Exposed	1	True	True
452 A PRO	0.5917667948422682	Exposed	Exposed	Exposed	1	True	True
453 A ALA	0.24370369512758341	Exposed	Buried	Exposed	1	True	False
454 A VAL	0.3843611242290944	Exposed	Exposed	Exposed	1	True	True
455 A PRO	0.4616621511051497	Exposed	Exposed	Exposed	1	True	True
456 A PRO	0.032406227088252866	Buried	Buried	Exposed	1	False	False
457 A PRO	0.3255713318491806	Exposed	Exposed	Exposed	1	True	True
458 A PRO	0.43128781010116485	Exposed	Exposed	Exposed	1	True	True
459 A SER	0.11348916620390596	Buried	Buried	Exposed	1	False	False
460 A GLU	0.13004265146157296	Buried	Buried	Exposed	1	False	False
461 A LYS	0.25713939610128245	Exposed	Buried	Exposed	1	True	False
462 A GLY	-0.010382207433130564	Buried	Buried	Exposed	1	False	False
463 A TRP	0.13097492791717563	Buried	Buried	Exposed	1	False	False
464 A LYS	-0.13479951359354497	Buried	Buried	Buried	1	True	True
465 A ASP	-0.19120328163519287	Buried	Buried	Buried	1	True	True
466 A THR	-0.31327351595150504	Buried	Buried	Buried	1	True	True
467 A ILE	-0.05546026972151513	Buried	Buried	Buried	1	True	True
468 A GLN	0.07184975939441257	Buried	Buried	Exposed	1	False	False
469 A ALA	-0.15175206254191406	Buried	Buried	Buried	1	True	True
470 A HIS	0.30466576467015266	Exposed	Exposed	Exposed	1	True	True
471 A ALA	0.19290519592131727	Exposed	Buried	Exposed	1	True	False
472 A GLY	0.08650345842314788	Buried	Buried	Exposed	1	False	False
473 A GLU	0.13233875943943105	Buried	Buried	Buried	1	True	True
474 A VAL	-0.08638474145652988	Buried	Buried	Buried	1	True	True
475 A LEU	-0.10136765126759652	Buried	Buried	Buried	1	True	True
476 A ARG	0.24190379335206524	Exposed	Buried	Exposed	1	True	False
477 A ILE	-0.07145115442354363	Buried	Buried	Buried	1	True	True
478 A ALA	0.05643845925578863	Buried	Buried	Exposed	1	False	False
479 A ALA	-0.12200635475248535	Buried	Buried	Exposed	1	False	False
480 A THR	0.2492095803109521	Exposed	Buried	Exposed	1	True	False
481 A PHE	-0.1955656362950513	Buried	Buried	Exposed	1	False	False
482 A GLY	0.19119499956559158	Exposed	Buried	Exposed	1	True	False
483 A PRO	0.46455888026511233	Exposed	Exposed	Exposed	1	True	True
484 A TYR	0.21712584915155966	Exposed	Buried	Exposed	1	True	False
485 A SER	0.2492557462107755	Exposed	Buried	Exposed	1	True	False
486 A GLY	0.20591151851121844	Exposed	Buried	Exposed	1	True	False
487 A ARG	0.19716539265263686	Exposed	Buried	Exposed	1	True	False
488 A TYR	-0.2155558602545839	Buried	Buried	Buried	1	True	True
489 A VAL	-0.24450789150492164	Buried	Buried	Buried	1	True	True
490 A TRP	-0.1485008398567546	Buried	Buried	Buried	1	True	True
491 A HIS	-0.31212589996754075	Buried	Buried	Buried	1	True	True
492 A CYS	-0.24300991960451385	Buried	Buried	Buried	1	True	True
493 A HIS	-0.3100178424412958	Buried	Buried	Buried	1	True	True
494 A ILE	-0.053754668288172186	Buried	Buried	Exposed	1	False	False
495 A LEU	-0.12685505493958613	Buried	Buried	Buried	1	True	True
496 A GLU	-0.23667117494023468	Buried	Buried	Exposed	1	False	False
497 A HIS	-0.06274515954190728	Buried	Buried	Exposed	1	False	False
498 A GLU	-0.22708235977368327	Buried	Buried	Exposed	1	False	False
499 A ASP	-0.15640947286043028	Buried	Buried	Exposed	1	False	False
500 A TYR	-0.0002866782469728766	Buried	Buried	Exposed	1	False	False
501 A ASP	-0.0637339192588744	Buried	Buried	Exposed	1	False	False
502 A MET	-0.13830199277428992	Buried	Buried	Buried	1	True	True
503 A MET	-0.13645410600908353	Buried	Buried	Buried	1	True	True
504 A ARG	-0.21567083417895413	Buried	Buried	Exposed	1	False	False
505 A PRO	-0.19227460077998568	Buried	Buried	Exposed	1	False	False
506 A MET	-0.22014898322042287	Buried	Buried	Buried	1	True	True
507 A ASP	0.08149399403760962	Buried	Buried	Exposed	1	False	False
508 A ILE	-0.1613651286923123	Buried	Buried	Exposed	1	False	False
509 A THR	0.21341876435497362	Exposed	Buried	Exposed	1	True	False
510 A ASP	0.5016427837937208	Exposed	Exposed	Exposed	1	True	True
