Exposed/Buried Based on Vis.	Bondugula Switch Class
Exposed	0
Exposed	0
Exposed	0
Exposed	0
Exposed	0
Exposed	0
Exposed	0
Exposed	0
Exposed	0
Exposed	0
Exposed	0
Exposed	0
Exposed	0
Exposed	0
Exposed	0
Exposed	0
Exposed	0
Exposed	0
Exposed	0
Exposed	0
Exposed	1
Exposed	0
Exposed	0
Exposed	1
Exposed	0
Exposed	0
Exposed	0
Exposed	0
Exposed	0
Exposed	0
Exposed	0
Exposed	0
Exposed	0
Exposed	0
Exposed	0
Exposed	0
Exposed	1
Exposed	1
Exposed	1
Exposed	0
Exposed	0
Exposed	0
Exposed	1
Exposed	0
Exposed	1
Exposed	0
Exposed	0
Exposed	0
Buried	0
Buried	0
Exposed	1
Exposed	0
Exposed	1
Exposed	1
Exposed	0
Exposed	1
Exposed	1
Exposed	1
Buried	0
Exposed	0
Exposed	0
Exposed	0
Exposed	1
Exposed	0
Exposed	1
Exposed	0
Buried	1
Exposed	0
Buried	0
Exposed	0
Buried	0
Exposed	0
Exposed	0
Exposed	1
Exposed	0
Exposed	0
Exposed	1
Exposed	0
Exposed	1
Exposed	1
Exposed	0
Exposed	1
Exposed	0
Exposed	0
Exposed	1
Exposed	1
Exposed	1
Exposed	1
Exposed	0
Exposed	0
Exposed	0
Exposed	1
Exposed	1
Buried	1
Buried	1
Buried	1
Exposed	1
Buried	1
Buried	1
Exposed	1
Buried	1
Exposed	1
Buried	1
Exposed	1
Exposed	1
Exposed	1
Exposed	1
Exposed	1
Exposed	1
Exposed	1
Buried	1
Exposed	1
Exposed	1
Exposed	1
Buried	1
Exposed	1
Exposed	1
Exposed	1
Exposed	1
Exposed	1
Exposed	1
Exposed	1
Exposed	1
Exposed	1
Exposed	1
Exposed	1
Exposed	1
Exposed	1
Exposed	1
Exposed	1
Buried	1
Exposed	1
Buried	1
Exposed	1
Buried	1
Exposed	1
Exposed	1
Exposed	1
Exposed	1
Exposed	1
Buried	1
Exposed	1
Buried	1
Buried	0
Buried	0
Buried	0
Buried	1
Buried	1
Buried	1
Buried	1
Buried	1
Buried	1
Buried	1
Buried	1
Buried	1
Buried	0
Buried	0
Buried	1
Buried	1
Buried	1
Buried	1
Buried	1
Buried	1
Buried	1
Exposed	0
Buried	0
Exposed	0
Exposed	1
Exposed	1
Exposed	1
Exposed	1
Exposed	1
Exposed	0
Exposed	0
Exposed	1
Exposed	1
Exposed	1
Exposed	1
Exposed	1
Exposed	1
Exposed	1
Exposed	1
Exposed	1
Exposed	1
Buried	1
Buried	0
Buried	0
Buried	0
Buried	0
Buried	0
Exposed	0
Exposed	1
Exposed	1
Exposed	1
Exposed	1
Exposed	1
Exposed	1
Exposed	1
Exposed	1
Exposed	1
Exposed	1
Exposed	1
Exposed	1
Exposed	1
Exposed	1
Exposed	1
Exposed	1
Exposed	1
Exposed	1
Exposed	1
Exposed	1
Exposed	1
Exposed	1
Exposed	1
Buried	1
Exposed	1
Exposed	1
Exposed	1
Exposed	1
Exposed	1
Exposed	1
Exposed	1
Exposed	1
Exposed	1
Buried	1
Buried	1
Exposed	1
Exposed	1
Exposed	1
Exposed	1
Buried	1
Exposed	1
Buried	1
Exposed	1
Exposed	1
Exposed	1
Buried	1
Exposed	1
Exposed	1
Exposed	1
Exposed	1
Exposed	1
Exposed	1
Buried	1
Exposed	0
Buried	0
Buried	0
Buried	0
Buried	1
Buried	1
Buried	1
Exposed	1
Exposed	1
Exposed	1
Buried	1
Exposed	1
Exposed	1
Exposed	1
Exposed	0
Exposed	1
Exposed	1
Exposed	1
Exposed	1
Exposed	1
Exposed	1
Exposed	1
Buried	1
Buried	1
Exposed	0
Exposed	0
Exposed	1
Exposed	1
Exposed	1
Exposed	1
Exposed	1
Exposed	1
Exposed	0
Exposed	0
Exposed	0
Exposed	0
Exposed	0
Exposed	1
Exposed	1
Exposed	1
Exposed	1
Buried	1
Exposed	1
Exposed	1
Buried	1
Exposed	1
Buried	1
Exposed	1
Buried	1
Buried	1
Exposed	0
Exposed	0
Exposed	0
Exposed	1
Exposed	1
Exposed	1
Exposed	1
Exposed	1
Exposed	1
Exposed	1
Exposed	1
Exposed	1
Exposed	1
Buried	1
Exposed	0
Exposed	0
Exposed	1
Exposed	1
Exposed	1
Exposed	1
Exposed	1
Exposed	1
Exposed	1
Exposed	1
Exposed	1
Exposed	1
Exposed	1
Exposed	1
Exposed	1
Exposed	0
Exposed	1
Buried	1
Exposed	1
Exposed	1
Buried	0
Exposed	0
Exposed	1
Exposed	1
Exposed	1
Exposed	1
Exposed	1
Exposed	1
Exposed	1
Exposed	1
Exposed	1
Exposed	1
Exposed	1
Exposed	0
Exposed	0
Exposed	0
Exposed	1
Exposed	1
Exposed	1
Exposed	1
Exposed	1
Exposed	1
Exposed	1
Exposed	1
Exposed	1
Exposed	1
Exposed	1
Exposed	1
Exposed	1
Exposed	1
Exposed	1
Exposed	1
Exposed	1
Exposed	1
Exposed	1
Exposed	1
Exposed	1
Exposed	1
Exposed	1
Exposed	1
Exposed	1
Exposed	1
Exposed	0
Exposed	1
Exposed	1
Exposed	1
Exposed	1
Exposed	1
Exposed	1
Exposed	1
Exposed	1
Buried	1
Exposed	1
Exposed	1
Exposed	1
Exposed	1
Exposed	1
Exposed	1
Exposed	1
Exposed	1
Exposed	1
Exposed	1
Exposed	1
Exposed	1
Exposed	1
Exposed	1
Exposed	1
Exposed	1
Exposed	1
Exposed	1
Exposed	1
Exposed	1
Buried	1
Exposed	1
Buried	1
Exposed	1
Buried	1
Exposed	1
Exposed	1
Exposed	1
Exposed	1
Exposed	1
Exposed	1
Exposed	1
Buried	1
Exposed	1
Exposed	1
Exposed	1
Exposed	1
Exposed	1
Exposed	1
Exposed	1
Exposed	1
Exposed	1
Exposed	1
Exposed	1
Exposed	1
Exposed	1
Exposed	1
Exposed	1
Exposed	0
Exposed	1
Exposed	1
Exposed	1
Exposed	1
Exposed	1
Exposed	1
Exposed	1
Exposed	1
Exposed	1
Exposed	1
Exposed	1
Exposed	1
Exposed	1
Exposed	1
Exposed	1
Exposed	1
Exposed	1
Exposed	1
Exposed	1
Exposed	1
Exposed	1
Exposed	1
Exposed	1
Exposed	1
Exposed	1
Exposed	1
Buried	1
Buried	1
Buried	1
Buried	1
Exposed	1
Buried	1
Exposed	1
Exposed	1
Exposed	1
Buried	1
Buried	1
Buried	1
Exposed	1
Buried	1
Exposed	1
Exposed	1
Exposed	1
Exposed	1
Exposed	1
Exposed	1
Exposed	1
Exposed	1
Exposed	1
Exposed	1
Buried	1
Buried	1
Buried	1
Buried	1
Buried	1
Buried	1
Exposed	1
Buried	1
Exposed	1
Exposed	1
Exposed	1
Exposed	1
Exposed	1
Exposed	1
Buried	1
Buried	1
Exposed	1
Exposed	1
Buried	1
Exposed	1
Exposed	1
Exposed	1
Exposed	1
	# OF "EXPOSED AND A SWITCH":
	# OF "EXPOSED AND NOT A SWITCH":
	# OF "BURIED AND NOT A SWITCH":
	# OF "BURIED AND A SWITCH":