Residue	SASA (DSSP)	MaxASA (Miller et al., 1987; emp.)	RSA (Miller et al., 1987; emp.)	Exposed/Buried Based on Vis.	Bondugula Switch Class	Buried/Exposed (RSA = 16%)	Buried/Exposed (RSA = 27%)	True	False	Buried and a Switch	Buried and a Switch
2 A THR	142	146	0.9726027397	Exposed	0	Exposed	Exposed	True	True	Buried and a Switch	Buried and a Switch
3 A LEU	33	180	0.1833333333	Exposed	0	Exposed	Buried	True	False	Buried and a Switch	Buried and a Switch
4 A GLU	110	183	0.6010928962	Exposed	0	Exposed	Exposed	True	True	Buried and a Switch	Buried and a Switch
5 A LYS	41	211	0.1943127962	Exposed	0	Exposed	Buried	True	False	Buried and a Switch	Buried and a Switch
6 A PHE	21	218	0.09633027523	Exposed	0	Buried	Buried	True	False	Buried and a Switch	Buried and a Switch
7 A VAL	33	160	0.20625	Exposed	0	Exposed	Buried	True	False	Buried and a Switch	Buried and a Switch
8 A ASP	22	151	0.1456953642	Exposed	0	Buried	Buried	True	False	Buried and a Switch	Buried and a Switch
9 A ALA	53	113	0.4690265487	Exposed	0	Exposed	Exposed	True	True	Buried and a Switch	Buried and a Switch
10 A LEU	10	180	0.05555555556	Exposed	0	Buried	Buried	True	False	Buried and a Switch	Buried and a Switch
11 A PRO	46	143	0.3216783217	Exposed	0	Exposed	Exposed	True	True	Buried and a Switch	Buried and a Switch
12 A ILE	85	182	0.467032967	Exposed	0	Exposed	Exposed	True	True	Buried and a Switch	Buried and a Switch
13 A PRO	20	143	0.1398601399	Exposed	0	Buried	Buried	True	False	Buried and a Switch	Buried and a Switch
14 A ASP	131	151	0.8675496689	Exposed	0	Exposed	Exposed	True	True	Buried and a Switch	Buried and a Switch
15 A THR	61	146	0.4178082192	Exposed	0	Exposed	Exposed	True	True	Buried and a Switch	Buried and a Switch
16 A LEU	23	180	0.1277777778	Exposed	0	Buried	Buried	True	False	Buried and a Switch	Buried and a Switch
17 A LYS	172	211	0.8151658768	Exposed	0	Exposed	Exposed	True	True	Buried and a Switch	Buried and a Switch
18 A PRO	41	143	0.2867132867	Exposed	0	Exposed	Exposed	True	True	Buried and a Switch	Buried and a Switch
19 A VAL	81	160	0.50625	Exposed	0	Exposed	Exposed	True	True	Buried and a Switch	Buried and a Switch
20 A GLN	112	189	0.5925925926	Exposed	0	Exposed	Exposed	True	True	Buried and a Switch	Buried and a Switch
21 A GLN	113	189	0.5978835979	Exposed	0	Exposed	Exposed	True	True	Buried and a Switch	Buried and a Switch
22 A SER	59	122	0.4836065574	Exposed	1	Exposed	Exposed	True	True	Buried and a Switch	Buried and a Switch
23 A LYS	203	211	0.9620853081	Exposed	0	Exposed	Exposed	True	True	Buried and a Switch	Buried and a Switch
24 A GLU	132	183	0.7213114754	Exposed	0	Exposed	Exposed	True	True	Buried and a Switch	Buried and a Switch
25 A LYS	91	211	0.4312796209	Exposed	1	Exposed	Exposed	True	True	Buried and a Switch	Buried and a Switch
26 A THR	4	146	0.02739726027	Exposed	0	Buried	Buried	True	False	Buried and a Switch	Buried and a Switch
27 A TYR	30	229	0.1310043668	Exposed	0	Buried	Buried	True	False	Buried and a Switch	Buried and a Switch
28 A TYR	7	229	0.03056768559	Exposed	0	Buried	Buried	True	False	Buried and a Switch	Buried and a Switch
29 A GLU	72	183	0.393442623	Exposed	0	Exposed	Exposed	True	True	Buried and a Switch	Buried and a Switch
30 A VAL	0	160	0	Exposed	0	Buried	Buried	True	False	Buried and a Switch	Buried and a Switch
31 A THR	27	146	0.1849315068	Exposed	0	Exposed	Buried	True	False	Buried and a Switch	Buried and a Switch
32 A MET	1	204	0.004901960784	Exposed	0	Buried	Buried	True	False	Buried and a Switch	Buried and a Switch
33 A GLU	74	183	0.4043715847	Exposed	0	Exposed	Exposed	True	True	Buried and a Switch	Buried and a Switch
34 A GLU	70	183	0.3825136612	Exposed	0	Exposed	Exposed	True	True	Buried and a Switch	Buried and a Switch
35 A CYS	18	140	0.1285714286	Exposed	0	Buried	Buried	True	False	Buried and a Switch	Buried and a Switch
36 A THR	90	146	0.6164383562	Exposed	0	Exposed	Exposed	True	True	Buried and a Switch	Buried and a Switch
37 A HIS	62	194	0.3195876289	Exposed	0	Exposed	Exposed	True	True	Buried and a Switch	Buried and a Switch
38 A GLN	82	189	0.4338624339	Exposed	1	Exposed	Exposed	True	True	Buried and a Switch	Buried and a Switch
39 A LEU	0	180	0	Exposed	1	Buried	Buried	True	False	Buried and a Switch	Buried and a Switch
40 A HIS	0	194	0	Exposed	1	Buried	Buried	True	False	Buried and a Switch	Buried and a Switch
41 A ARG	109	241	0.4522821577	Exposed	0	Exposed	Exposed	True	True	Buried and a Switch	Buried and a Switch
42 A ASP	89	151	0.5894039735	Exposed	0	Exposed	Exposed	True	True	Buried and a Switch	Buried and a Switch
43 A LEU	14	180	0.07777777778	Exposed	0	Buried	Buried	True	False	Buried and a Switch	Buried and a Switch
44 A PRO	57	143	0.3986013986	Exposed	1	Exposed	Exposed	True	True	Buried and a Switch	Buried and a Switch
45 A PRO	77	143	0.5384615385	Exposed	0	Exposed	Exposed	True	True	Buried and a Switch	Buried and a Switch
46 A THR	0	146	0	Exposed	1	Buried	Buried	True	False	Buried and a Switch	Buried and a Switch
47 A ARG	109	241	0.4522821577	Exposed	0	Exposed	Exposed	True	True	Buried and a Switch	Buried and a Switch
48 A LEU	0	180	0	Exposed	0	Buried	Buried	True	False	Buried and a Switch	Buried and a Switch
49 A TRP	0	259	0	Exposed	0	Buried	Buried	True	False	Buried and a Switch	Buried and a Switch
50 A GLY	0	85	0	Buried	0	Buried	Buried	True	True	Buried and a Switch	Buried and a Switch
51 A TYR	0	229	0	Buried	0	Buried	Buried	True	True	Buried and a Switch	Buried and a Switch
52 A ASN	51	158	0.3227848101	Exposed	1	Exposed	Exposed	True	True	Buried and a Switch	Buried and a Switch
53 A GLY	8	85	0.09411764706	Exposed	0	Buried	Buried	True	False	Buried and a Switch	Buried and a Switch
54 A LEU	73	180	0.4055555556	Exposed	1	Exposed	Exposed	True	True	Buried and a Switch	Buried and a Switch
55 A PHE	19	218	0.0871559633	Exposed	1	Buried	Buried	True	False	Buried and a Switch	Buried and a Switch
56 A PRO	8	143	0.05594405594	Exposed	0	Buried	Buried	True	False	Buried and a Switch	Buried and a Switch
57 A GLY	0	85	0	Exposed	1	Buried	Buried	True	False	Buried and a Switch	Buried and a Switch
58 A PRO	5	143	0.03496503497	Exposed	1	Buried	Buried	True	False	Buried and a Switch	Buried and a Switch
59 A THR	5	146	0.03424657534	Exposed	1	Buried	Buried	True	False	Buried and a Switch	Buried and a Switch
60 A ILE	0	182	0	Buried	0	Buried	Buried	True	True	Buried and a Switch	Buried and a Switch
61 A GLU	76	183	0.4153005464	Exposed	0	Exposed	Exposed	True	True	Buried and a Switch	Buried and a Switch
62 A VAL	3	160	0.01875	Exposed	0	Buried	Buried	True	False	Buried and a Switch	Buried and a Switch
63 A LYS	126	211	0.5971563981	Exposed	0	Exposed	Exposed	True	True	Buried and a Switch	Buried and a Switch
64 A ARG	87	241	0.3609958506	Exposed	1	Exposed	Exposed	True	True	Buried and a Switch	Buried and a Switch
65 A ASN	98	158	0.6202531646	Exposed	0	Exposed	Exposed	True	True	Buried and a Switch	Buried and a Switch
66 A GLU	24	183	0.131147541	Exposed	1	Buried	Buried	True	False	Buried and a Switch	Buried and a Switch
67 A ASN	51	158	0.3227848101	Exposed	0	Exposed	Exposed	True	True	Buried and a Switch	Buried and a Switch
68 A VAL	0	160	0	Buried	1	Buried	Buried	True	True	Buried and a Switch	Buried and a Switch
69 A TYR	53	229	0.231441048	Exposed	0	Exposed	Buried	True	False	Buried and a Switch	Buried and a Switch
70 A VAL	0	160	0	Buried	0	Buried	Buried	True	True	Buried and a Switch	Buried and a Switch
71 A LYS	48	211	0.2274881517	Exposed	0	Exposed	Buried	True	False	Buried and a Switch	Buried and a Switch
72 A TRP	2	259	0.007722007722	Buried	0	Buried	Buried	True	True	Buried and a Switch	Buried and a Switch
73 A MET	34	204	0.1666666667	Exposed	0	Exposed	Buried	True	False	Buried and a Switch	Buried and a Switch
74 A ASN	1	158	0.006329113924	Exposed	0	Buried	Buried	True	False	Buried and a Switch	Buried and a Switch
75 A ASN	82	158	0.5189873418	Exposed	1	Exposed	Exposed	True	True	Buried and a Switch	Buried and a Switch
76 A LEU	1	180	0.005555555556	Exposed	0	Buried	Buried	True	False	Buried and a Switch	Buried and a Switch
77 A PRO	38	143	0.2657342657	Exposed	0	Exposed	Buried	True	False	Buried and a Switch	Buried and a Switch
78 A SER	82	122	0.6721311475	Exposed	1	Exposed	Exposed	True	True	Buried and a Switch	Buried and a Switch
79 A THR	89	146	0.6095890411	Exposed	0	Exposed	Exposed	True	True	Buried and a Switch	Buried and a Switch
80 A HIS	19	194	0.09793814433	Exposed	1	Buried	Buried	True	False	Buried and a Switch	Buried and a Switch
81 A PHE	42	218	0.1926605505	Exposed	1	Exposed	Buried	True	False	Buried and a Switch	Buried and a Switch
82 A LEU	14	180	0.07777777778	Exposed	0	Buried	Buried	True	False	Buried and a Switch	Buried and a Switch
83 A PRO	30	143	0.2097902098	Exposed	1	Exposed	Buried	True	False	Buried and a Switch	Buried and a Switch
84 A ILE	24	182	0.1318681319	Exposed	0	Buried	Buried	True	False	Buried and a Switch	Buried and a Switch
85 A ASP	6	151	0.03973509934	Exposed	0	Buried	Buried	True	False	Buried and a Switch	Buried and a Switch
86 A HIS	135	194	0.6958762887	Exposed	1	Exposed	Exposed	True	True	Buried and a Switch	Buried and a Switch
87 A THR	51	146	0.3493150685	Exposed	1	Exposed	Exposed	True	True	Buried and a Switch	Buried and a Switch
88 A ILE	10	182	0.05494505495	Exposed	1	Buried	Buried	True	False	Buried and a Switch	Buried and a Switch
89 A HIS	127	194	0.6546391753	Exposed	1	Exposed	Exposed	True	True	Buried and a Switch	Buried and a Switch
97 A GLU	0	183	0	Exposed	0	Buried	Buried	True	False	Buried and a Switch	Buried and a Switch
98 A PRO	154	143	1.076923077	Exposed	0	Exposed	Exposed	True	True	Buried and a Switch	Buried and a Switch
99 A GLU	22	183	0.1202185792	Exposed	0	Buried	Buried	True	False	Buried and a Switch	Buried and a Switch
100 A VAL	5	160	0.03125	Exposed	1	Buried	Buried	True	False	Buried and a Switch	Buried and a Switch
101 A LYS	25	211	0.1184834123	Exposed	1	Buried	Buried	True	False	Buried and a Switch	Buried and a Switch
102 A THR	0	146	0	Buried	1	Buried	Buried	True	True	Buried and a Switch	Buried and a Switch
103 A VAL	0	160	0	Buried	1	Buried	Buried	True	True	Buried and a Switch	Buried and a Switch
104 A VAL	0	160	0	Buried	1	Buried	Buried	True	True	Buried and a Switch	Buried and a Switch
105 A HIS	1	194	0.005154639175	Exposed	1	Buried	Buried	True	False	Buried and a Switch	Buried and a Switch
106 A LEU	1	180	0.005555555556	Buried	1	Buried	Buried	True	True	Buried and a Switch	Buried and a Switch
107 A HIS	0	194	0	Buried	1	Buried	Buried	True	True	Buried and a Switch	Buried and a Switch
108 A GLY	15	85	0.1764705882	Exposed	1	Exposed	Buried	True	False	Buried and a Switch	Buried and a Switch
109 A GLY	1	85	0.01176470588	Buried	1	Buried	Buried	True	True	Buried and a Switch	Buried and a Switch
110 A VAL	21	160	0.13125	Exposed	1	Buried	Buried	True	False	Buried and a Switch	Buried and a Switch
111 A THR	1	146	0.006849315068	Buried	1	Buried	Buried	True	True	Buried and a Switch	Buried and a Switch
112 A PRO	27	143	0.1888111888	Exposed	1	Exposed	Buried	True	False	Buried and a Switch	Buried and a Switch
113 A ASP	40	151	0.2649006623	Exposed	1	Exposed	Buried	True	False	Buried and a Switch	Buried and a Switch
114 A ASP	36	151	0.238410596	Exposed	1	Exposed	Buried	True	False	Buried and a Switch	Buried and a Switch
115 A SER	0	122	0	Exposed	1	Buried	Buried	True	False	Buried and a Switch	Buried and a Switch
116 A ASP	3	151	0.01986754967	Exposed	1	Buried	Buried	True	False	Buried and a Switch	Buried and a Switch
117 A GLY	0	85	0	Exposed	1	Buried	Buried	True	False	Buried and a Switch	Buried and a Switch
118 A TYR	13	229	0.05676855895	Exposed	1	Buried	Buried	True	False	Buried and a Switch	Buried and a Switch
119 A PRO	0	143	0	Buried	1	Buried	Buried	True	True	Buried and a Switch	Buried and a Switch
120 A GLU	34	183	0.1857923497	Exposed	1	Exposed	Buried	True	False	Buried and a Switch	Buried and a Switch
121 A ALA	5	113	0.04424778761	Exposed	1	Buried	Buried	True	False	Buried and a Switch	Buried and a Switch
122 A TRP	12	259	0.04633204633	Exposed	1	Buried	Buried	True	False	Buried and a Switch	Buried and a Switch
123 A PHE	5	218	0.02293577982	Buried	1	Buried	Buried	True	True	Buried and a Switch	Buried and a Switch
124 A SER	7	122	0.05737704918	Exposed	1	Buried	Buried	True	False	Buried and a Switch	Buried and a Switch
125 A LYS	61	211	0.2890995261	Exposed	1	Exposed	Exposed	True	True	Buried and a Switch	Buried and a Switch
126 A ASP	116	151	0.7682119205	Exposed	1	Exposed	Exposed	True	True	Buried and a Switch	Buried and a Switch
127 A PHE	29	218	0.1330275229	Exposed	1	Buried	Buried	True	False	Buried and a Switch	Buried and a Switch
128 A GLU	162	183	0.8852459016	Exposed	1	Exposed	Exposed	True	True	Buried and a Switch	Buried and a Switch
129 A GLN	86	189	0.455026455	Exposed	1	Exposed	Exposed	True	True	Buried and a Switch	Buried and a Switch
130 A THR	62	146	0.4246575342	Exposed	1	Exposed	Exposed	True	True	Buried and a Switch	Buried and a Switch
131 A GLY	5	85	0.05882352941	Exposed	1	Buried	Buried	True	False	Buried and a Switch	Buried and a Switch
132 A PRO	106	143	0.7412587413	Exposed	1	Exposed	Exposed	True	True	Buried and a Switch	Buried and a Switch
133 A TYR	92	229	0.4017467249	Exposed	1	Exposed	Exposed	True	True	Buried and a Switch	Buried and a Switch
134 A PHE	43	218	0.1972477064	Exposed	1	Exposed	Buried	True	False	Buried and a Switch	Buried and a Switch
135 A LYS	143	211	0.6777251185	Exposed	1	Exposed	Exposed	True	True	Buried and a Switch	Buried and a Switch
136 A ARG	84	241	0.3485477178	Exposed	1	Exposed	Exposed	True	True	Buried and a Switch	Buried and a Switch
137 A GLU	84	183	0.4590163934	Exposed	1	Exposed	Exposed	True	True	Buried and a Switch	Buried and a Switch
138 A VAL	38	160	0.2375	Exposed	1	Exposed	Buried	True	False	Buried and a Switch	Buried and a Switch
139 A TYR	5	229	0.02183406114	Buried	1	Buried	Buried	True	True	Buried and a Switch	Buried and a Switch
140 A HIS	36	194	0.1855670103	Exposed	1	Exposed	Buried	True	False	Buried and a Switch	Buried and a Switch
141 A TYR	1	229	0.004366812227	Buried	1	Buried	Buried	True	True	Buried and a Switch	Buried and a Switch
142 A PRO	9	143	0.06293706294	Exposed	1	Buried	Buried	True	False	Buried and a Switch	Buried and a Switch
143 A ASN	1	158	0.006329113924	Buried	1	Buried	Buried	True	True	Buried and a Switch	Buried and a Switch
144 A GLN	114	189	0.6031746032	Exposed	1	Exposed	Exposed	True	True	Buried and a Switch	Buried and a Switch
145 A GLN	22	189	0.1164021164	Exposed	1	Buried	Buried	True	False	Buried and a Switch	Buried and a Switch
146 A ARG	89	241	0.3692946058	Exposed	1	Exposed	Exposed	True	True	Buried and a Switch	Buried and a Switch
147 A GLY	3	85	0.03529411765	Exposed	1	Buried	Buried	True	False	Buried and a Switch	Buried and a Switch
148 A ALA	5	113	0.04424778761	Exposed	1	Buried	Buried	True	False	Buried and a Switch	Buried and a Switch
149 A ILE	1	182	0.005494505495	Buried	1	Buried	Buried	True	True	Buried and a Switch	Buried and a Switch
150 A LEU	1	180	0.005555555556	Exposed	1	Buried	Buried	True	False	Buried and a Switch	Buried and a Switch
151 A TRP	2	259	0.007722007722	Buried	1	Buried	Buried	True	True	Buried and a Switch	Buried and a Switch
152 A TYR	0	229	0	Buried	0	Buried	Buried	True	True	Buried and a Switch	Buried and a Switch
153 A HIS	0	194	0	Buried	0	Buried	Buried	True	True	Buried and a Switch	Buried and a Switch
154 A ASP	0	151	0	Buried	0	Buried	Buried	True	True	Buried and a Switch	Buried and a Switch
155 A HIS	0	194	0	Buried	1	Buried	Buried	True	True	Buried and a Switch	Buried and a Switch
156 A ALA	0	113	0	Buried	1	Buried	Buried	True	True	Buried and a Switch	Buried and a Switch
157 A MET	10	204	0.04901960784	Buried	1	Buried	Buried	True	True	Buried and a Switch	Buried and a Switch
158 A ALA	14	113	0.1238938053	Buried	1	Buried	Buried	True	True	Buried and a Switch	Buried and a Switch
159 A LEU	8	180	0.04444444444	Buried	1	Buried	Buried	True	True	Buried and a Switch	Buried and a Switch
160 A THR	0	146	0	Buried	1	Buried	Buried	True	True	Buried and a Switch	Buried and a Switch
161 A ARG	3	241	0.01244813278	Buried	1	Buried	Buried	True	True	Buried and a Switch	Buried and a Switch
162 A LEU	0	180	0	Buried	1	Buried	Buried	True	True	Buried and a Switch	Buried and a Switch
163 A ASN	0	158	0	Buried	1	Buried	Buried	True	True	Buried and a Switch	Buried and a Switch
164 A VAL	0	160	0	Buried	0	Buried	Buried	True	True	Buried and a Switch	Buried and a Switch
165 A TYR	0	229	0	Buried	0	Buried	Buried	True	True	Buried and a Switch	Buried and a Switch
166 A ALA	0	113	0	Buried	1	Buried	Buried	True	True	Buried and a Switch	Buried and a Switch
167 A GLY	0	85	0	Buried	1	Buried	Buried	True	True	Buried and a Switch	Buried and a Switch
168 A LEU	0	180	0	Buried	1	Buried	Buried	True	True	Buried and a Switch	Buried and a Switch
169 A VAL	0	160	0	Buried	1	Buried	Buried	True	True	Buried and a Switch	Buried and a Switch
170 A GLY	0	85	0	Buried	1	Buried	Buried	True	True	Buried and a Switch	Buried and a Switch
171 A ALA	0	113	0	Buried	1	Buried	Buried	True	True	Buried and a Switch	Buried and a Switch
172 A TYR	0	229	0	Buried	1	Buried	Buried	True	True	Buried and a Switch	Buried and a Switch
173 A ILE	5	182	0.02747252747	Exposed	0	Buried	Buried	True	False	Buried and a Switch	Buried and a Switch
174 A ILE	2	182	0.01098901099	Buried	0	Buried	Buried	True	True	Buried and a Switch	Buried and a Switch
175 A HIS	64	194	0.3298969072	Exposed	0	Exposed	Exposed	True	True	Buried and a Switch	Buried and a Switch
176 A ASP	22	151	0.1456953642	Exposed	1	Buried	Buried	True	False	Buried and a Switch	Buried and a Switch
177 A PRO	71	143	0.4965034965	Exposed	1	Exposed	Exposed	True	True	Buried and a Switch	Buried and a Switch
178 A LYS	139	211	0.6587677725	Exposed	1	Exposed	Exposed	True	True	Buried and a Switch	Buried and a Switch
179 A GLU	39	183	0.2131147541	Exposed	1	Exposed	Buried	True	False	Buried and a Switch	Buried and a Switch
180 A LYS	178	211	0.8436018957	Exposed	1	Exposed	Exposed	True	True	Buried and a Switch	Buried and a Switch
181 A ARG	206	241	0.8547717842	Exposed	0	Exposed	Exposed	True	True	Buried and a Switch	Buried and a Switch
182 A LEU	32	180	0.1777777778	Exposed	0	Exposed	Buried	True	False	Buried and a Switch	Buried and a Switch
183 A LYS	128	211	0.6066350711	Exposed	1	Exposed	Exposed	True	True	Buried and a Switch	Buried and a Switch
184 A LEU	15	180	0.08333333333	Exposed	1	Buried	Buried	True	False	Buried and a Switch	Buried and a Switch
185 A PRO	1	143	0.006993006993	Exposed	1	Buried	Buried	True	False	Buried and a Switch	Buried and a Switch
186 A SER	58	122	0.4754098361	Exposed	1	Exposed	Exposed	True	True	Buried and a Switch	Buried and a Switch
187 A ASP	137	151	0.9072847682	Exposed	1	Exposed	Exposed	True	True	Buried and a Switch	Buried and a Switch
188 A GLU	108	183	0.5901639344	Exposed	1	Exposed	Exposed	True	True	Buried and a Switch	Buried and a Switch
189 A TYR	8	229	0.03493449782	Exposed	1	Buried	Buried	True	False	Buried and a Switch	Buried and a Switch
190 A ASP	29	151	0.1920529801	Exposed	1	Exposed	Buried	True	False	Buried and a Switch	Buried and a Switch
191 A VAL	5	160	0.03125	Exposed	1	Buried	Buried	True	False	Buried and a Switch	Buried and a Switch
192 A PRO	12	143	0.08391608392	Exposed	1	Buried	Buried	True	False	Buried and a Switch	Buried and a Switch
193 A LEU	4	180	0.02222222222	Buried	1	Buried	Buried	True	True	Buried and a Switch	Buried and a Switch
194 A LEU	1	180	0.005555555556	Buried	0	Buried	Buried	True	True	Buried and a Switch	Buried and a Switch
195 A ILE	0	182	0	Buried	0	Buried	Buried	True	True	Buried and a Switch	Buried and a Switch
196 A THR	2	146	0.01369863014	Buried	0	Buried	Buried	True	True	Buried and a Switch	Buried and a Switch
197 A ASP	0	151	0	Buried	0	Buried	Buried	True	True	Buried and a Switch	Buried and a Switch
198 A ARG	1	241	0.004149377593	Buried	0	Buried	Buried	True	True	Buried and a Switch	Buried and a Switch
199 A THR	11	146	0.07534246575	Exposed	0	Buried	Buried	True	False	Buried and a Switch	Buried and a Switch
200 A ILE	23	182	0.1263736264	Exposed	1	Buried	Buried	True	False	Buried and a Switch	Buried and a Switch
201 A ASN	61	158	0.3860759494	Exposed	1	Exposed	Exposed	True	True	Buried and a Switch	Buried and a Switch
202 A GLU	196	183	1.071038251	Exposed	1	Exposed	Exposed	True	True	Buried and a Switch	Buried and a Switch
203 A ASP	107	151	0.7086092715	Exposed	1	Exposed	Exposed	True	True	Buried and a Switch	Buried and a Switch
204 A GLY	0	85	0	Exposed	1	Buried	Buried	True	False	Buried and a Switch	Buried and a Switch
205 A SER	39	122	0.3196721311	Exposed	1	Exposed	Exposed	True	True	Buried and a Switch	Buried and a Switch
206 A LEU	15	180	0.08333333333	Exposed	1	Buried	Buried	True	False	Buried and a Switch	Buried and a Switch
207 A PHE	87	218	0.3990825688	Exposed	1	Exposed	Exposed	True	True	Buried and a Switch	Buried and a Switch
208 A TYR	13	229	0.05676855895	Exposed	1	Buried	Buried	True	False	Buried and a Switch	Buried and a Switch
209 A PRO	22	143	0.1538461538	Exposed	1	Buried	Buried	True	False	Buried and a Switch	Buried and a Switch
210 A SER	56	122	0.4590163934	Exposed	1	Exposed	Exposed	True	True	Buried and a Switch	Buried and a Switch
211 A ALA	24	113	0.2123893805	Exposed	1	Exposed	Buried	True	False	Buried and a Switch	Buried and a Switch
212 A PRO	40	143	0.2797202797	Exposed	1	Exposed	Exposed	True	True	Buried and a Switch	Buried and a Switch
213 A GLU	177	183	0.9672131148	Exposed	1	Exposed	Exposed	True	True	Buried and a Switch	Buried and a Switch
214 A ASN	155	158	0.9810126582	Exposed	1	Exposed	Exposed	True	True	Buried and a Switch	Buried and a Switch
215 A PRO	79	143	0.5524475524	Exposed	1	Exposed	Exposed	True	True	Buried and a Switch	Buried and a Switch
216 A SER	51	122	0.4180327869	Exposed	1	Exposed	Exposed	True	True	Buried and a Switch	Buried and a Switch
217 A PRO	136	143	0.951048951	Exposed	1	Exposed	Exposed	True	True	Buried and a Switch	Buried and a Switch
218 A SER	77	122	0.631147541	Exposed	1	Exposed	Exposed	True	True	Buried and a Switch	Buried and a Switch
219 A LEU	34	180	0.1888888889	Exposed	1	Exposed	Buried	True	False	Buried and a Switch	Buried and a Switch
220 A PRO	21	143	0.1468531469	Exposed	1	Buried	Buried	True	False	Buried and a Switch	Buried and a Switch
221 A ASN	133	158	0.8417721519	Exposed	1	Exposed	Exposed	True	True	Buried and a Switch	Buried and a Switch
222 A PRO	38	143	0.2657342657	Exposed	1	Exposed	Buried	True	False	Buried and a Switch	Buried and a Switch
223 A SER	3	122	0.02459016393	Buried	1	Buried	Buried	True	True	Buried and a Switch	Buried and a Switch
224 A ILE	11	182	0.06043956044	Exposed	1	Buried	Buried	True	False	Buried and a Switch	Buried and a Switch
225 A VAL	8	160	0.05	Exposed	1	Buried	Buried	True	False	Buried and a Switch	Buried and a Switch
226 A PRO	65	143	0.4545454545	Exposed	1	Exposed	Exposed	True	True	Buried and a Switch	Buried and a Switch
227 A ALA	49	113	0.4336283186	Exposed	1	Exposed	Exposed	True	True	Buried and a Switch	Buried and a Switch
228 A PHE	8	218	0.03669724771	Exposed	1	Buried	Buried	True	False	Buried and a Switch	Buried and a Switch
229 A CYS	44	140	0.3142857143	Exposed	1	Exposed	Exposed	True	True	Buried and a Switch	Buried and a Switch
230 A GLY	2	85	0.02352941176	Exposed	1	Buried	Buried	True	False	Buried and a Switch	Buried and a Switch
231 A GLU	130	183	0.7103825137	Exposed	1	Exposed	Exposed	True	True	Buried and a Switch	Buried and a Switch
232 A THR	12	146	0.08219178082	Exposed	1	Buried	Buried	True	False	Buried and a Switch	Buried and a Switch
233 A ILE	0	182	0	Buried	1	Buried	Buried	True	True	Buried and a Switch	Buried and a Switch
234 A LEU	0	180	0	Buried	1	Buried	Buried	True	True	Buried and a Switch	Buried and a Switch
235 A VAL	0	160	0	Exposed	1	Buried	Buried	True	False	Buried and a Switch	Buried and a Switch
236 A ASN	1	158	0.006329113924	Exposed	1	Buried	Buried	True	False	Buried and a Switch	Buried and a Switch
237 A GLY	6	85	0.07058823529	Exposed	1	Buried	Buried	True	False	Buried and a Switch	Buried and a Switch
238 A LYS	45	211	0.2132701422	Exposed	1	Exposed	Buried	True	False	Buried and a Switch	Buried and a Switch
239 A VAL	0	160	0	Buried	1	Buried	Buried	True	True	Buried and a Switch	Buried and a Switch
240 A TRP	1	259	0.003861003861	Exposed	1	Buried	Buried	True	False	Buried and a Switch	Buried and a Switch
241 A PRO	0	143	0	Buried	1	Buried	Buried	True	True	Buried and a Switch	Buried and a Switch
242 A TYR	46	229	0.2008733624	Exposed	1	Exposed	Buried	True	False	Buried and a Switch	Buried and a Switch
243 A LEU	22	180	0.1222222222	Exposed	1	Buried	Buried	True	False	Buried and a Switch	Buried and a Switch
244 A GLU	97	183	0.5300546448	Exposed	1	Exposed	Exposed	True	True	Buried and a Switch	Buried and a Switch
245 A VAL	0	160	0	Buried	1	Buried	Buried	True	True	Buried and a Switch	Buried and a Switch
246 A GLU	0	183	0	Exposed	1	Buried	Buried	True	False	Buried and a Switch	Buried and a Switch
247 A PRO	9	143	0.06293706294	Exposed	1	Buried	Buried	True	False	Buried and a Switch	Buried and a Switch
248 A ARG	8	241	0.03319502075	Exposed	1	Buried	Buried	True	False	Buried and a Switch	Buried and a Switch
249 A LYS	19	211	0.09004739336	Exposed	1	Buried	Buried	True	False	Buried and a Switch	Buried and a Switch
250 A TYR	11	229	0.0480349345	Exposed	1	Buried	Buried	True	False	Buried and a Switch	Buried and a Switch
251 A ARG	20	241	0.08298755187	Exposed	1	Buried	Buried	True	False	Buried and a Switch	Buried and a Switch
252 A PHE	0	218	0	Buried	1	Buried	Buried	True	True	Buried and a Switch	Buried and a Switch
253 A ARG	4	241	0.01659751037	Exposed	0	Buried	Buried	True	False	Buried and a Switch	Buried and a Switch
254 A VAL	2	160	0.0125	Buried	0	Buried	Buried	True	True	Buried and a Switch	Buried and a Switch
255 A ILE	0	182	0	Buried	0	Buried	Buried	True	True	Buried and a Switch	Buried and a Switch
256 A ASN	0	158	0	Buried	0	Buried	Buried	True	True	Buried and a Switch	Buried and a Switch
257 A ALA	0	113	0	Buried	1	Buried	Buried	True	True	Buried and a Switch	Buried and a Switch
258 A SER	2	122	0.01639344262	Buried	1	Buried	Buried	True	True	Buried and a Switch	Buried and a Switch
259 A ASN	0	158	0	Buried	1	Buried	Buried	True	True	Buried and a Switch	Buried and a Switch
260 A THR	15	146	0.102739726	Exposed	1	Buried	Buried	True	False	Buried and a Switch	Buried and a Switch
261 A ARG	6	241	0.02489626556	Exposed	1	Buried	Buried	True	False	Buried and a Switch	Buried and a Switch
262 A THR	37	146	0.2534246575	Exposed	1	Exposed	Buried	True	False	Buried and a Switch	Buried and a Switch
263 A TYR	0	229	0	Buried	1	Buried	Buried	True	True	Buried and a Switch	Buried and a Switch
264 A ASN	43	158	0.2721518987	Exposed	1	Exposed	Exposed	True	True	Buried and a Switch	Buried and a Switch
265 A LEU	2	180	0.01111111111	Exposed	1	Buried	Buried	True	False	Buried and a Switch	Buried and a Switch
266 A SER	34	122	0.2786885246	Exposed	1	Exposed	Exposed	True	True	Buried and a Switch	Buried and a Switch
267 A LEU	9	180	0.05	Exposed	0	Buried	Buried	True	False	Buried and a Switch	Buried and a Switch
268 A ASP	89	151	0.5894039735	Exposed	1	Exposed	Exposed	True	True	Buried and a Switch	Buried and a Switch
269 A ASN	46	158	0.2911392405	Exposed	1	Exposed	Exposed	True	True	Buried and a Switch	Buried and a Switch
270 A GLY	47	85	0.5529411765	Exposed	1	Exposed	Exposed	True	True	Buried and a Switch	Buried and a Switch
271 A GLY	3	85	0.03529411765	Exposed	1	Buried	Buried	True	False	Buried and a Switch	Buried and a Switch
272 A ASP	64	151	0.4238410596	Exposed	1	Exposed	Exposed	True	True	Buried and a Switch	Buried and a Switch
273 A PHE	0	218	0	Exposed	1	Buried	Buried	True	False	Buried and a Switch	Buried and a Switch
274 A ILE	23	182	0.1263736264	Exposed	1	Buried	Buried	True	False	Buried and a Switch	Buried and a Switch
275 A GLN	1	189	0.005291005291	Buried	1	Buried	Buried	True	True	Buried and a Switch	Buried and a Switch
276 A ILE	0	182	0	Buried	1	Buried	Buried	True	True	Buried and a Switch	Buried and a Switch
277 A GLY	0	85	0	Exposed	0	Buried	Buried	True	False	Buried and a Switch	Buried and a Switch
278 A SER	3	122	0.02459016393	Exposed	0	Buried	Buried	True	False	Buried and a Switch	Buried and a Switch
279 A ASP	1	151	0.006622516556	Exposed	1	Buried	Buried	True	False	Buried and a Switch	Buried and a Switch
280 A GLY	9	85	0.1058823529	Exposed	1	Buried	Buried	True	False	Buried and a Switch	Buried and a Switch
281 A GLY	2	85	0.02352941176	Exposed	1	Buried	Buried	True	False	Buried and a Switch	Buried and a Switch
282 A LEU	10	180	0.05555555556	Exposed	1	Buried	Buried	True	False	Buried and a Switch	Buried and a Switch
283 A LEU	0	180	0	Exposed	1	Buried	Buried	True	False	Buried and a Switch	Buried and a Switch
284 A PRO	4	143	0.02797202797	Exposed	1	Buried	Buried	True	False	Buried and a Switch	Buried and a Switch
285 A ARG	84	241	0.3485477178	Exposed	0	Exposed	Exposed	True	True	Buried and a Switch	Buried and a Switch
286 A SER	8	122	0.06557377049	Exposed	0	Buried	Buried	True	False	Buried and a Switch	Buried and a Switch
287 A VAL	18	160	0.1125	Exposed	0	Buried	Buried	True	False	Buried and a Switch	Buried and a Switch
288 A LYS	133	211	0.6303317536	Exposed	0	Exposed	Exposed	True	True	Buried and a Switch	Buried and a Switch
289 A LEU	28	180	0.1555555556	Exposed	0	Buried	Buried	True	False	Buried and a Switch	Buried and a Switch
290 A ASN	88	158	0.5569620253	Exposed	1	Exposed	Exposed	True	True	Buried and a Switch	Buried and a Switch
291 A SER	57	122	0.4672131148	Exposed	1	Exposed	Exposed	True	True	Buried and a Switch	Buried and a Switch
292 A PHE	8	218	0.03669724771	Exposed	1	Buried	Buried	True	False	Buried and a Switch	Buried and a Switch
293 A SER	36	122	0.2950819672	Exposed	1	Exposed	Exposed	True	True	Buried and a Switch	Buried and a Switch
294 A LEU	0	180	0	Buried	1	Buried	Buried	True	True	Buried and a Switch	Buried and a Switch
295 A ALA	0	113	0	Exposed	1	Buried	Buried	True	False	Buried and a Switch	Buried and a Switch
296 A PRO	0	143	0	Exposed	1	Buried	Buried	True	False	Buried and a Switch	Buried and a Switch
297 A ALA	0	113	0	Buried	1	Buried	Buried	True	True	Buried and a Switch	Buried and a Switch
298 A GLU	1	183	0.005464480874	Exposed	1	Buried	Buried	True	False	Buried and a Switch	Buried and a Switch
299 A ARG	1	241	0.004149377593	Buried	1	Buried	Buried	True	True	Buried and a Switch	Buried and a Switch
300 A TYR	18	229	0.07860262009	Exposed	1	Buried	Buried	True	False	Buried and a Switch	Buried and a Switch
301 A ASP	4	151	0.02649006623	Buried	1	Buried	Buried	True	True	Buried and a Switch	Buried and a Switch
302 A ILE	4	182	0.02197802198	Buried	1	Buried	Buried	True	True	Buried and a Switch	Buried and a Switch
303 A ILE	0	182	0	Exposed	0	Buried	Buried	True	False	Buried and a Switch	Buried and a Switch
304 A ILE	3	182	0.01648351648	Exposed	0	Buried	Buried	True	False	Buried and a Switch	Buried and a Switch
305 A ASP	39	151	0.2582781457	Exposed	0	Exposed	Buried	True	False	Buried and a Switch	Buried and a Switch
306 A PHE	0	218	0	Exposed	1	Buried	Buried	True	False	Buried and a Switch	Buried and a Switch
307 A THR	70	146	0.4794520548	Exposed	1	Exposed	Exposed	True	True	Buried and a Switch	Buried and a Switch
308 A ALA	84	113	0.7433628319	Exposed	1	Exposed	Exposed	True	True	Buried and a Switch	Buried and a Switch
309 A TYR	56	229	0.2445414847	Exposed	1	Exposed	Buried	True	False	Buried and a Switch	Buried and a Switch
310 A GLU	139	183	0.7595628415	Exposed	1	Exposed	Exposed	True	True	Buried and a Switch	Buried and a Switch
311 A GLY	51	85	0.6	Exposed	1	Exposed	Exposed	True	True	Buried and a Switch	Buried and a Switch
312 A GLU	75	183	0.4098360656	Exposed	1	Exposed	Exposed	True	True	Buried and a Switch	Buried and a Switch
313 A SER	66	122	0.5409836066	Exposed	1	Exposed	Exposed	True	True	Buried and a Switch	Buried and a Switch
314 A ILE	1	182	0.005494505495	Exposed	1	Buried	Buried	True	False	Buried and a Switch	Buried and a Switch
315 A ILE	32	182	0.1758241758	Exposed	1	Exposed	Buried	True	False	Buried and a Switch	Buried and a Switch
316 A LEU	4	180	0.02222222222	Buried	1	Buried	Buried	True	True	Buried and a Switch	Buried and a Switch
317 A ALA	21	113	0.185840708	Exposed	0	Exposed	Buried	True	False	Buried and a Switch	Buried and a Switch
318 A ASN	5	158	0.03164556962	Exposed	0	Buried	Buried	True	False	Buried and a Switch	Buried and a Switch
319 A SER	77	122	0.631147541	Exposed	1	Exposed	Exposed	True	True	Buried and a Switch	Buried and a Switch
320 A ALA	21	113	0.185840708	Exposed	1	Exposed	Buried	True	False	Buried and a Switch	Buried and a Switch
321 A GLY	40	85	0.4705882353	Exposed	1	Exposed	Exposed	True	True	Buried and a Switch	Buried and a Switch
322 A CYS	20	140	0.1428571429	Exposed	1	Buried	Buried	True	False	Buried and a Switch	Buried and a Switch
323 A GLY	88	85	1.035294118	Exposed	1	Exposed	Exposed	True	True	Buried and a Switch	Buried and a Switch
324 A GLY	44	85	0.5176470588	Exposed	1	Exposed	Exposed	True	True	Buried and a Switch	Buried and a Switch
325 A ASP	162	151	1.072847682	Exposed	1	Exposed	Exposed	True	True	Buried and a Switch	Buried and a Switch
326 A VAL	37	160	0.23125	Exposed	1	Exposed	Buried	True	False	Buried and a Switch	Buried and a Switch
327 A ASN	73	158	0.4620253165	Exposed	1	Exposed	Exposed	True	True	Buried and a Switch	Buried and a Switch
328 A PRO	104	143	0.7272727273	Exposed	1	Exposed	Exposed	True	True	Buried and a Switch	Buried and a Switch
329 A GLU	119	183	0.650273224	Exposed	1	Exposed	Exposed	True	True	Buried and a Switch	Buried and a Switch
330 A THR	14	146	0.09589041096	Exposed	1	Buried	Buried	True	False	Buried and a Switch	Buried and a Switch
331 A ASP	13	151	0.08609271523	Exposed	1	Buried	Buried	True	False	Buried and a Switch	Buried and a Switch
332 A ALA	17	113	0.1504424779	Exposed	0	Buried	Buried	True	False	Buried and a Switch	Buried and a Switch
333 A ASN	13	158	0.08227848101	Exposed	1	Buried	Buried	True	False	Buried and a Switch	Buried and a Switch
334 A ILE	0	182	0	Buried	1	Buried	Buried	True	True	Buried and a Switch	Buried and a Switch
335 A MET	0	204	0	Exposed	1	Buried	Buried	True	False	Buried and a Switch	Buried and a Switch
336 A GLN	24	189	0.126984127	Exposed	1	Buried	Buried	True	False	Buried and a Switch	Buried and a Switch
337 A PHE	0	218	0	Buried	0	Buried	Buried	True	True	Buried and a Switch	Buried and a Switch
338 A ARG	65	241	0.2697095436	Exposed	0	Exposed	Buried	True	False	Buried and a Switch	Buried and a Switch
339 A VAL	0	160	0	Exposed	1	Buried	Buried	True	False	Buried and a Switch	Buried and a Switch
340 A THR	77	146	0.5273972603	Exposed	1	Exposed	Exposed	True	True	Buried and a Switch	Buried and a Switch
341 A LYS	66	211	0.3127962085	Exposed	1	Exposed	Exposed	True	True	Buried and a Switch	Buried and a Switch
342 A PRO	105	143	0.7342657343	Exposed	1	Exposed	Exposed	True	True	Buried and a Switch	Buried and a Switch
343 A LEU	92	180	0.5111111111	Exposed	1	Exposed	Exposed	True	True	Buried and a Switch	Buried and a Switch
344 A ALA	62	113	0.5486725664	Exposed	1	Exposed	Exposed	True	True	Buried and a Switch	Buried and a Switch
345 A GLN	108	189	0.5714285714	Exposed	1	Exposed	Exposed	True	True	Buried and a Switch	Buried and a Switch
346 A LYS	149	211	0.7061611374	Exposed	1	Exposed	Exposed	True	True	Buried and a Switch	Buried and a Switch
347 A ASP	30	151	0.1986754967	Exposed	1	Exposed	Buried	True	False	Buried and a Switch	Buried and a Switch
348 A GLU	98	183	0.5355191257	Exposed	1	Exposed	Exposed	True	True	Buried and a Switch	Buried and a Switch
349 A SER	7	122	0.05737704918	Exposed	1	Buried	Buried	True	False	Buried and a Switch	Buried and a Switch
350 A ARG	121	241	0.5020746888	Exposed	0	Exposed	Exposed	True	True	Buried and a Switch	Buried and a Switch
351 A LYS	97	211	0.4597156398	Exposed	0	Exposed	Exposed	True	True	Buried and a Switch	Buried and a Switch
352 A PRO	32	143	0.2237762238	Exposed	0	Exposed	Buried	True	False	Buried and a Switch	Buried and a Switch
353 A LYS	102	211	0.4834123223	Exposed	1	Exposed	Exposed	True	True	Buried and a Switch	Buried and a Switch
354 A TYR	167	229	0.7292576419	Exposed	1	Exposed	Exposed	True	True	Buried and a Switch	Buried and a Switch
355 A LEU	15	180	0.08333333333	Exposed	1	Buried	Buried	True	False	Buried and a Switch	Buried and a Switch
356 A ALA	37	113	0.3274336283	Exposed	1	Exposed	Exposed	True	True	Buried and a Switch	Buried and a Switch
357 A SER	98	122	0.8032786885	Exposed	1	Exposed	Exposed	True	True	Buried and a Switch	Buried and a Switch
358 A TYR	83	229	0.3624454148	Exposed	1	Exposed	Exposed	True	True	Buried and a Switch	Buried and a Switch
359 A PRO	3	143	0.02097902098	Exposed	1	Buried	Buried	True	False	Buried and a Switch	Buried and a Switch
360 A SER	76	122	0.6229508197	Exposed	1	Exposed	Exposed	True	True	Buried and a Switch	Buried and a Switch
361 A VAL	100	160	0.625	Exposed	1	Exposed	Exposed	True	True	Buried and a Switch	Buried and a Switch
362 A GLN	89	189	0.4708994709	Exposed	1	Exposed	Exposed	True	True	Buried and a Switch	Buried and a Switch
363 A HIS	165	194	0.8505154639	Exposed	1	Exposed	Exposed	True	True	Buried and a Switch	Buried and a Switch
364 A GLU	97	183	0.5300546448	Exposed	1	Exposed	Exposed	True	True	Buried and a Switch	Buried and a Switch
365 A ARG	200	241	0.8298755187	Exposed	1	Exposed	Exposed	True	True	Buried and a Switch	Buried and a Switch
366 A ILE	71	182	0.3901098901	Exposed	1	Exposed	Exposed	True	True	Buried and a Switch	Buried and a Switch
367 A GLN	84	189	0.4444444444	Exposed	1	Exposed	Exposed	True	True	Buried and a Switch	Buried and a Switch
368 A ASN	62	158	0.3924050633	Exposed	1	Exposed	Exposed	True	True	Buried and a Switch	Buried and a Switch
369 A ILE	100	182	0.5494505495	Exposed	1	Exposed	Exposed	True	True	Buried and a Switch	Buried and a Switch
370 A ARG	36	241	0.1493775934	Exposed	1	Buried	Buried	True	False	Buried and a Switch	Buried and a Switch
371 A THR	83	146	0.5684931507	Exposed	1	Exposed	Exposed	True	True	Buried and a Switch	Buried and a Switch
372 A LEU	2	180	0.01111111111	Exposed	1	Buried	Buried	True	False	Buried and a Switch	Buried and a Switch
373 A LYS	38	211	0.1800947867	Exposed	1	Exposed	Buried	True	False	Buried and a Switch	Buried and a Switch
374 A LEU	1	180	0.005555555556	Exposed	1	Buried	Buried	True	False	Buried and a Switch	Buried and a Switch
375 A ALA	11	113	0.09734513274	Exposed	1	Buried	Buried	True	False	Buried and a Switch	Buried and a Switch
376 A GLY	33	85	0.3882352941	Exposed	1	Exposed	Exposed	True	True	Buried and a Switch	Buried and a Switch
377 A THR	87	146	0.595890411	Exposed	1	Exposed	Exposed	True	True	Buried and a Switch	Buried and a Switch
378 A GLN	139	189	0.7354497354	Exposed	1	Exposed	Exposed	True	True	Buried and a Switch	Buried and a Switch
379 A ASP	23	151	0.1523178808	Exposed	0	Buried	Buried	True	False	Buried and a Switch	Buried and a Switch
380 A GLU	168	183	0.9180327869	Exposed	1	Exposed	Exposed	True	True	Buried and a Switch	Buried and a Switch
381 A TYR	63	229	0.2751091703	Exposed	1	Exposed	Exposed	True	True	Buried and a Switch	Buried and a Switch
382 A GLY	38	85	0.4470588235	Exposed	1	Exposed	Exposed	True	True	Buried and a Switch	Buried and a Switch
383 A ARG	13	241	0.05394190871	Exposed	1	Buried	Buried	True	False	Buried and a Switch	Buried and a Switch
384 A PRO	77	143	0.5384615385	Exposed	1	Exposed	Exposed	True	True	Buried and a Switch	Buried and a Switch
385 A VAL	7	160	0.04375	Exposed	1	Buried	Buried	True	False	Buried and a Switch	Buried and a Switch
386 A LEU	31	180	0.1722222222	Exposed	1	Exposed	Buried	True	False	Buried and a Switch	Buried and a Switch
387 A LEU	7	180	0.03888888889	Exposed	1	Buried	Buried	True	False	Buried and a Switch	Buried and a Switch
388 A LEU	1	180	0.005555555556	Buried	1	Buried	Buried	True	True	Buried and a Switch	Buried and a Switch
389 A ASN	61	158	0.3860759494	Exposed	1	Exposed	Exposed	True	True	Buried and a Switch	Buried and a Switch
390 A ASN	82	158	0.5189873418	Exposed	1	Exposed	Exposed	True	True	Buried and a Switch	Buried and a Switch
391 A LYS	79	211	0.3744075829	Exposed	1	Exposed	Exposed	True	True	Buried and a Switch	Buried and a Switch
392 A ARG	77	241	0.3195020747	Exposed	1	Exposed	Exposed	True	True	Buried and a Switch	Buried and a Switch
393 A TRP	12	259	0.04633204633	Exposed	1	Buried	Buried	True	False	Buried and a Switch	Buried and a Switch
394 A HIS	123	194	0.6340206186	Exposed	1	Exposed	Exposed	True	True	Buried and a Switch	Buried and a Switch
395 A ASP	45	151	0.298013245	Exposed	1	Exposed	Exposed	True	True	Buried and a Switch	Buried and a Switch
396 A PRO	104	143	0.7272727273	Exposed	1	Exposed	Exposed	True	True	Buried and a Switch	Buried and a Switch
397 A VAL	43	160	0.26875	Exposed	1	Exposed	Buried	True	False	Buried and a Switch	Buried and a Switch
398 A THR	47	146	0.3219178082	Exposed	1	Exposed	Exposed	True	True	Buried and a Switch	Buried and a Switch
399 A GLU	6	183	0.03278688525	Exposed	1	Buried	Buried	True	False	Buried and a Switch	Buried and a Switch
400 A THR	57	146	0.3904109589	Exposed	1	Exposed	Exposed	True	True	Buried and a Switch	Buried and a Switch
401 A PRO	0	143	0	Exposed	1	Buried	Buried	True	False	Buried and a Switch	Buried and a Switch
402 A LYS	121	211	0.5734597156	Exposed	1	Exposed	Exposed	True	True	Buried and a Switch	Buried and a Switch
403 A VAL	44	160	0.275	Exposed	1	Exposed	Exposed	True	True	Buried and a Switch	Buried and a Switch
404 A GLY	50	85	0.5882352941	Exposed	1	Exposed	Exposed	True	True	Buried and a Switch	Buried and a Switch
405 A THR	25	146	0.1712328767	Exposed	1	Exposed	Buried	True	False	Buried and a Switch	Buried and a Switch
406 A THR	9	146	0.06164383562	Exposed	1	Buried	Buried	True	False	Buried and a Switch	Buried and a Switch
407 A GLU	3	183	0.01639344262	Exposed	1	Buried	Buried	True	False	Buried and a Switch	Buried and a Switch
408 A ILE	17	182	0.09340659341	Exposed	1	Buried	Buried	True	False	Buried and a Switch	Buried and a Switch
409 A TRP	1	259	0.003861003861	Buried	1	Buried	Buried	True	True	Buried and a Switch	Buried and a Switch
410 A SER	13	122	0.106557377	Exposed	1	Buried	Buried	True	False	Buried and a Switch	Buried and a Switch
411 A ILE	0	182	0	Buried	1	Buried	Buried	True	True	Buried and a Switch	Buried and a Switch
412 A ILE	4	182	0.02197802198	Exposed	1	Buried	Buried	True	False	Buried and a Switch	Buried and a Switch
413 A ASN	0	158	0	Buried	1	Buried	Buried	True	True	Buried and a Switch	Buried and a Switch
414 A PRO	12	143	0.08391608392	Exposed	1	Buried	Buried	True	False	Buried and a Switch	Buried and a Switch
415 A THR	33	146	0.2260273973	Exposed	1	Exposed	Buried	True	False	Buried and a Switch	Buried and a Switch
416 A ARG	259	241	1.074688797	Exposed	1	Exposed	Exposed	True	True	Buried and a Switch	Buried and a Switch
417 A GLY	37	85	0.4352941176	Exposed	1	Exposed	Exposed	True	True	Buried and a Switch	Buried and a Switch
418 A THR	46	146	0.3150684932	Exposed	1	Exposed	Exposed	True	True	Buried and a Switch	Buried and a Switch
419 A HIS	8	194	0.0412371134	Exposed	1	Buried	Buried	True	False	Buried and a Switch	Buried and a Switch
420 A PRO	2	143	0.01398601399	Exposed	1	Buried	Buried	True	False	Buried and a Switch	Buried and a Switch
421 A ILE	0	182	0	Buried	1	Buried	Buried	True	True	Buried and a Switch	Buried and a Switch
422 A HIS	1	194	0.005154639175	Exposed	1	Buried	Buried	True	False	Buried and a Switch	Buried and a Switch
423 A LEU	0	180	0	Exposed	1	Buried	Buried	True	False	Buried and a Switch	Buried and a Switch
424 A HIS	1	194	0.005154639175	Exposed	1	Buried	Buried	True	False	Buried and a Switch	Buried and a Switch
425 A LEU	6	180	0.03333333333	Exposed	1	Buried	Buried	True	False	Buried and a Switch	Buried and a Switch
426 A VAL	9	160	0.05625	Exposed	1	Buried	Buried	True	False	Buried and a Switch	Buried and a Switch
427 A SER	34	122	0.2786885246	Exposed	1	Exposed	Exposed	True	True	Buried and a Switch	Buried and a Switch
428 A PHE	0	218	0	Exposed	1	Buried	Buried	True	False	Buried and a Switch	Buried and a Switch
429 A ARG	47	241	0.1950207469	Exposed	1	Exposed	Buried	True	False	Buried and a Switch	Buried and a Switch
430 A VAL	1	160	0.00625	Exposed	1	Buried	Buried	True	False	Buried and a Switch	Buried and a Switch
431 A LEU	49	180	0.2722222222	Exposed	1	Exposed	Exposed	True	True	Buried and a Switch	Buried and a Switch
432 A ASP	26	151	0.1721854305	Exposed	1	Exposed	Buried	True	False	Buried and a Switch	Buried and a Switch
433 A ARG	22	241	0.09128630705	Exposed	1	Buried	Buried	True	False	Buried and a Switch	Buried and a Switch
434 A ARG	89	241	0.3692946058	Exposed	1	Exposed	Exposed	True	True	Buried and a Switch	Buried and a Switch
435 A PRO	40	143	0.2797202797	Exposed	1	Exposed	Exposed	True	True	Buried and a Switch	Buried and a Switch
436 A PHE	8	218	0.03669724771	Exposed	1	Buried	Buried	True	False	Buried and a Switch	Buried and a Switch
437 A ASP	64	151	0.4238410596	Exposed	0	Exposed	Exposed	True	True	Buried and a Switch	Buried and a Switch
438 A ILE	67	182	0.3681318681	Exposed	1	Exposed	Exposed	True	True	Buried and a Switch	Buried and a Switch
439 A ALA	72	113	0.6371681416	Exposed	1	Exposed	Exposed	True	True	Buried and a Switch	Buried and a Switch
440 A ARG	92	241	0.3817427386	Exposed	1	Exposed	Exposed	True	True	Buried and a Switch	Buried and a Switch
441 A TYR	28	229	0.1222707424	Exposed	1	Buried	Buried	True	False	Buried and a Switch	Buried and a Switch
442 A GLN	100	189	0.5291005291	Exposed	1	Exposed	Exposed	True	True	Buried and a Switch	Buried and a Switch
443 A GLU	166	183	0.9071038251	Exposed	1	Exposed	Exposed	True	True	Buried and a Switch	Buried and a Switch
444 A SER	47	122	0.3852459016	Exposed	1	Exposed	Exposed	True	True	Buried and a Switch	Buried and a Switch
445 A GLY	48	85	0.5647058824	Exposed	1	Exposed	Exposed	True	True	Buried and a Switch	Buried and a Switch
446 A GLU	108	183	0.5901639344	Exposed	1	Exposed	Exposed	True	True	Buried and a Switch	Buried and a Switch
447 A LEU	65	180	0.3611111111	Exposed	1	Exposed	Exposed	True	True	Buried and a Switch	Buried and a Switch
448 A SER	41	122	0.3360655738	Exposed	1	Exposed	Exposed	True	True	Buried and a Switch	Buried and a Switch
449 A TYR	79	229	0.3449781659	Exposed	1	Exposed	Exposed	True	True	Buried and a Switch	Buried and a Switch
450 A THR	90	146	0.6164383562	Exposed	1	Exposed	Exposed	True	True	Buried and a Switch	Buried and a Switch
451 A GLY	20	85	0.2352941176	Exposed	1	Exposed	Buried	True	False	Buried and a Switch	Buried and a Switch
452 A PRO	99	143	0.6923076923	Exposed	1	Exposed	Exposed	True	True	Buried and a Switch	Buried and a Switch
453 A ALA	40	113	0.3539823009	Exposed	1	Exposed	Exposed	True	True	Buried and a Switch	Buried and a Switch
454 A VAL	88	160	0.55	Exposed	1	Exposed	Exposed	True	True	Buried and a Switch	Buried and a Switch
455 A PRO	88	143	0.6153846154	Exposed	1	Exposed	Exposed	True	True	Buried and a Switch	Buried and a Switch
456 A PRO	13	143	0.09090909091	Exposed	1	Buried	Buried	True	False	Buried and a Switch	Buried and a Switch
457 A PRO	63	143	0.4405594406	Exposed	1	Exposed	Exposed	True	True	Buried and a Switch	Buried and a Switch
458 A PRO	65	143	0.4545454545	Exposed	1	Exposed	Exposed	True	True	Buried and a Switch	Buried and a Switch
459 A SER	11	122	0.09016393443	Exposed	1	Buried	Buried	True	False	Buried and a Switch	Buried and a Switch
460 A GLU	17	183	0.09289617486	Exposed	1	Buried	Buried	True	False	Buried and a Switch	Buried and a Switch
461 A LYS	90	211	0.4265402844	Exposed	1	Exposed	Exposed	True	True	Buried and a Switch	Buried and a Switch
462 A GLY	0	85	0	Exposed	1	Buried	Buried	True	False	Buried and a Switch	Buried and a Switch
463 A TRP	23	259	0.0888030888	Exposed	1	Buried	Buried	True	False	Buried and a Switch	Buried and a Switch
464 A LYS	3	211	0.01421800948	Buried	1	Buried	Buried	True	True	Buried and a Switch	Buried and a Switch
465 A ASP	4	151	0.02649006623	Buried	1	Buried	Buried	True	True	Buried and a Switch	Buried and a Switch
466 A THR	0	146	0	Buried	1	Buried	Buried	True	True	Buried and a Switch	Buried and a Switch
467 A ILE	0	182	0	Buried	1	Buried	Buried	True	True	Buried and a Switch	Buried and a Switch
468 A GLN	14	189	0.07407407407	Exposed	1	Buried	Buried	True	False	Buried and a Switch	Buried and a Switch
469 A ALA	2	113	0.01769911504	Buried	1	Buried	Buried	True	True	Buried and a Switch	Buried and a Switch
470 A HIS	63	194	0.324742268	Exposed	1	Exposed	Exposed	True	True	Buried and a Switch	Buried and a Switch
471 A ALA	39	113	0.3451327434	Exposed	1	Exposed	Exposed	True	True	Buried and a Switch	Buried and a Switch
472 A GLY	9	85	0.1058823529	Exposed	1	Buried	Buried	True	False	Buried and a Switch	Buried and a Switch
473 A GLU	51	183	0.2786885246	Buried	1	Exposed	Exposed	True	False	Buried and a Switch	Buried and a Switch
474 A VAL	2	160	0.0125	Buried	1	Buried	Buried	True	True	Buried and a Switch	Buried and a Switch
475 A LEU	2	180	0.01111111111	Buried	1	Buried	Buried	True	True	Buried and a Switch	Buried and a Switch
476 A ARG	73	241	0.3029045643	Exposed	1	Exposed	Exposed	True	True	Buried and a Switch	Buried and a Switch
477 A ILE	1	182	0.005494505495	Buried	1	Buried	Buried	True	True	Buried and a Switch	Buried and a Switch
478 A ALA	14	113	0.1238938053	Exposed	1	Buried	Buried	True	False	Buried and a Switch	Buried and a Switch
479 A ALA	3	113	0.02654867257	Exposed	1	Buried	Buried	True	False	Buried and a Switch	Buried and a Switch
480 A THR	48	146	0.3287671233	Exposed	1	Exposed	Exposed	True	True	Buried and a Switch	Buried and a Switch
481 A PHE	0	218	0	Exposed	1	Buried	Buried	True	False	Buried and a Switch	Buried and a Switch
482 A GLY	16	85	0.1882352941	Exposed	1	Exposed	Buried	True	False	Buried and a Switch	Buried and a Switch
483 A PRO	86	143	0.6013986014	Exposed	1	Exposed	Exposed	True	True	Buried and a Switch	Buried and a Switch
484 A TYR	51	229	0.2227074236	Exposed	1	Exposed	Buried	True	False	Buried and a Switch	Buried and a Switch
485 A SER	38	122	0.3114754098	Exposed	1	Exposed	Exposed	True	True	Buried and a Switch	Buried and a Switch
486 A GLY	16	85	0.1882352941	Exposed	1	Exposed	Buried	True	False	Buried and a Switch	Buried and a Switch
487 A ARG	52	241	0.2157676349	Exposed	1	Exposed	Buried	True	False	Buried and a Switch	Buried and a Switch
488 A TYR	1	229	0.004366812227	Buried	1	Buried	Buried	True	True	Buried and a Switch	Buried and a Switch
489 A VAL	0	160	0	Buried	1	Buried	Buried	True	True	Buried and a Switch	Buried and a Switch
490 A TRP	0	259	0	Buried	1	Buried	Buried	True	True	Buried and a Switch	Buried and a Switch
491 A HIS	0	194	0	Buried	1	Buried	Buried	True	True	Buried and a Switch	Buried and a Switch
492 A CYS	0	140	0	Buried	1	Buried	Buried	True	True	Buried and a Switch	Buried and a Switch
493 A HIS	0	194	0	Buried	1	Buried	Buried	True	True	Buried and a Switch	Buried and a Switch
494 A ILE	14	182	0.07692307692	Exposed	1	Buried	Buried	True	False	Buried and a Switch	Buried and a Switch
495 A LEU	1	180	0.005555555556	Buried	1	Buried	Buried	True	True	Buried and a Switch	Buried and a Switch
496 A GLU	3	183	0.01639344262	Exposed	1	Buried	Buried	True	False	Buried and a Switch	Buried and a Switch
497 A HIS	24	194	0.1237113402	Exposed	1	Buried	Buried	True	False	Buried and a Switch	Buried and a Switch
498 A GLU	0	183	0	Exposed	1	Buried	Buried	True	False	Buried and a Switch	Buried and a Switch
499 A ASP	5	151	0.03311258278	Exposed	1	Buried	Buried	True	False	Buried and a Switch	Buried and a Switch
500 A TYR	22	229	0.096069869	Exposed	1	Buried	Buried	True	False	Buried and a Switch	Buried and a Switch
501 A ASP	11	151	0.07284768212	Exposed	1	Buried	Buried	True	False	Buried and a Switch	Buried and a Switch
502 A MET	0	204	0	Buried	1	Buried	Buried	True	True	Buried and a Switch	Buried and a Switch
503 A MET	1	204	0.004901960784	Buried	1	Buried	Buried	True	True	Buried and a Switch	Buried and a Switch
504 A ARG	0	241	0	Exposed	1	Buried	Buried	True	False	Buried and a Switch	Buried and a Switch
505 A PRO	4	143	0.02797202797	Exposed	1	Buried	Buried	True	False	Buried and a Switch	Buried and a Switch
506 A MET	0	204	0	Buried	1	Buried	Buried	True	True	Buried and a Switch	Buried and a Switch
507 A ASP	34	151	0.2251655629	Exposed	1	Exposed	Buried	True	False	Buried and a Switch	Buried and a Switch
508 A ILE	3	182	0.01648351648	Exposed	1	Buried	Buried	True	False	Buried and a Switch	Buried and a Switch
509 A THR	55	146	0.3767123288	Exposed	1	Exposed	Exposed	True	True	Buried and a Switch	Buried and a Switch
510 A ASP	152	151	1.006622517	Exposed	1	Exposed	Exposed	True	True	Buried and a Switch	Buried and a Switch
