Residue	SASA (DSSP)	MaxASA (Rose et al., 1985; emp.)	RSA (Rose et al., 1985; emp.)	Exposed/Buried Based on Vis.	Bondugula Switch Class	Buried/Exposed (RSA = 16%)	Buried/Exposed (RSA = 27%)
2 A THR	142	152.5	0.931147541	Exposed	0	Exposed	Exposed
3 A LEU	33	193.1	0.1708959089	Exposed	0	Exposed	Buried
4 A GLU	110	186.2	0.5907626208	Exposed	0	Exposed	Exposed
5 A LYS	41	225.8	0.1815766165	Exposed	0	Exposed	Buried
6 A PHE	21	222.8	0.09425493716	Exposed	0	Buried	Buried
7 A VAL	33	164.5	0.2006079027	Exposed	0	Exposed	Buried
8 A ASP	22	158.7	0.138626339	Exposed	0	Buried	Buried
9 A ALA	53	118.1	0.4487722269	Exposed	0	Exposed	Exposed
10 A LEU	10	193.1	0.05178663905	Exposed	0	Buried	Buried
11 A PRO	46	146.8	0.3133514986	Exposed	0	Exposed	Exposed
12 A ILE	85	181	0.4696132597	Exposed	0	Exposed	Exposed
13 A PRO	20	146.8	0.136239782	Exposed	0	Buried	Buried
14 A ASP	131	158.7	0.8254568368	Exposed	0	Exposed	Exposed
15 A THR	61	152.5	0.4	Exposed	0	Exposed	Exposed
16 A LEU	23	193.1	0.1191092698	Exposed	0	Buried	Buried
17 A LYS	172	225.8	0.7617360496	Exposed	0	Exposed	Exposed
18 A PRO	41	146.8	0.2792915531	Exposed	0	Exposed	Exposed
19 A VAL	81	164.5	0.4924012158	Exposed	0	Exposed	Exposed
20 A GLN	112	193.2	0.5797101449	Exposed	0	Exposed	Exposed
21 A GLN	113	193.2	0.5848861284	Exposed	0	Exposed	Exposed
22 A SER	59	129.8	0.4545454545	Exposed	1	Exposed	Exposed
23 A LYS	203	225.8	0.8990256864	Exposed	0	Exposed	Exposed
24 A GLU	132	186.2	0.708915145	Exposed	0	Exposed	Exposed
25 A LYS	91	225.8	0.4030115146	Exposed	1	Exposed	Exposed
26 A THR	4	152.5	0.0262295082	Exposed	0	Buried	Buried
27 A TYR	30	236.8	0.1266891892	Exposed	0	Buried	Buried
28 A TYR	7	236.8	0.02956081081	Exposed	0	Buried	Buried
29 A GLU	72	186.2	0.3866809882	Exposed	0	Exposed	Exposed
30 A VAL	0	164.5	0	Exposed	0	Buried	Buried
31 A THR	27	152.5	0.1770491803	Exposed	0	Exposed	Buried
32 A MET	1	203.4	0.004916420846	Exposed	0	Buried	Buried
33 A GLU	74	186.2	0.3974221267	Exposed	0	Exposed	Exposed
34 A GLU	70	186.2	0.3759398496	Exposed	0	Exposed	Exposed
35 A CYS	18	146.1	0.1232032854	Exposed	0	Buried	Buried
36 A THR	90	152.5	0.5901639344	Exposed	0	Exposed	Exposed
37 A HIS	62	202.5	0.3061728395	Exposed	0	Exposed	Exposed
38 A GLN	82	193.2	0.4244306418	Exposed	1	Exposed	Exposed
39 A LEU	0	193.1	0	Exposed	1	Buried	Buried
40 A HIS	0	202.5	0	Exposed	1	Buried	Buried
41 A ARG	109	256	0.42578125	Exposed	0	Exposed	Exposed
42 A ASP	89	158.7	0.5608065532	Exposed	0	Exposed	Exposed
43 A LEU	14	193.1	0.07250129467	Exposed	0	Buried	Buried
44 A PRO	57	146.8	0.3882833787	Exposed	1	Exposed	Exposed
45 A PRO	77	146.8	0.5245231608	Exposed	0	Exposed	Exposed
46 A THR	0	152.5	0	Exposed	1	Buried	Buried
47 A ARG	109	256	0.42578125	Exposed	0	Exposed	Exposed
48 A LEU	0	193.1	0	Exposed	0	Buried	Buried
49 A TRP	0	266.3	0	Exposed	0	Buried	Buried
50 A GLY	0	88.1	0	Buried	0	Buried	Buried
51 A TYR	0	236.8	0	Buried	0	Buried	Buried
52 A ASN	51	165.5	0.3081570997	Exposed	1	Exposed	Exposed
53 A GLY	8	88.1	0.09080590238	Exposed	0	Buried	Buried
54 A LEU	73	193.1	0.378042465	Exposed	1	Exposed	Exposed
55 A PHE	19	222.8	0.08527827648	Exposed	1	Buried	Buried
56 A PRO	8	146.8	0.05449591281	Exposed	0	Buried	Buried
57 A GLY	0	88.1	0	Exposed	1	Buried	Buried
58 A PRO	5	146.8	0.0340599455	Exposed	1	Buried	Buried
59 A THR	5	152.5	0.03278688525	Exposed	1	Buried	Buried
60 A ILE	0	181	0	Buried	0	Buried	Buried
61 A GLU	76	186.2	0.4081632653	Exposed	0	Exposed	Exposed
62 A VAL	3	164.5	0.01823708207	Exposed	0	Buried	Buried
63 A LYS	126	225.8	0.5580159433	Exposed	0	Exposed	Exposed
64 A ARG	87	256	0.33984375	Exposed	1	Exposed	Exposed
65 A ASN	98	165.5	0.5921450151	Exposed	0	Exposed	Exposed
66 A GLU	24	186.2	0.1288936627	Exposed	1	Buried	Buried
67 A ASN	51	165.5	0.3081570997	Exposed	0	Exposed	Exposed
68 A VAL	0	164.5	0	Buried	1	Buried	Buried
69 A TYR	53	236.8	0.2238175676	Exposed	0	Exposed	Buried
70 A VAL	0	164.5	0	Buried	0	Buried	Buried
71 A LYS	48	225.8	0.2125775022	Exposed	0	Exposed	Buried
72 A TRP	2	266.3	0.007510326699	Buried	0	Buried	Buried
73 A MET	34	203.4	0.1671583088	Exposed	0	Exposed	Buried
74 A ASN	1	165.5	0.006042296073	Exposed	0	Buried	Buried
75 A ASN	82	165.5	0.4954682779	Exposed	1	Exposed	Exposed
76 A LEU	1	193.1	0.005178663905	Exposed	0	Buried	Buried
77 A PRO	38	146.8	0.2588555858	Exposed	0	Exposed	Buried
78 A SER	82	129.8	0.6317411402	Exposed	1	Exposed	Exposed
79 A THR	89	152.5	0.5836065574	Exposed	0	Exposed	Exposed
80 A HIS	19	202.5	0.09382716049	Exposed	1	Buried	Buried
81 A PHE	42	222.8	0.1885098743	Exposed	1	Exposed	Buried
82 A LEU	14	193.1	0.07250129467	Exposed	0	Buried	Buried
83 A PRO	30	146.8	0.204359673	Exposed	1	Exposed	Buried
84 A ILE	24	181	0.1325966851	Exposed	0	Buried	Buried
85 A ASP	6	158.7	0.03780718336	Exposed	0	Buried	Buried
86 A HIS	135	202.5	0.6666666667	Exposed	1	Exposed	Exposed
87 A THR	51	152.5	0.3344262295	Exposed	1	Exposed	Exposed
88 A ILE	10	181	0.05524861878	Exposed	1	Buried	Buried
89 A HIS	127	202.5	0.6271604938	Exposed	1	Exposed	Exposed
97 A GLU	0	186.2	0	Exposed	0	Buried	Buried
98 A PRO	154	146.8	1.049046322	Exposed	0	Exposed	Exposed
99 A GLU	22	186.2	0.1181525242	Exposed	0	Buried	Buried
100 A VAL	5	164.5	0.03039513678	Exposed	1	Buried	Buried
101 A LYS	25	225.8	0.1107174491	Exposed	1	Buried	Buried
102 A THR	0	152.5	0	Buried	1	Buried	Buried
103 A VAL	0	164.5	0	Buried	1	Buried	Buried
104 A VAL	0	164.5	0	Buried	1	Buried	Buried
105 A HIS	1	202.5	0.004938271605	Exposed	1	Buried	Buried
106 A LEU	1	193.1	0.005178663905	Buried	1	Buried	Buried
107 A HIS	0	202.5	0	Buried	1	Buried	Buried
108 A GLY	15	88.1	0.170261067	Exposed	1	Exposed	Buried
109 A GLY	1	88.1	0.0113507378	Buried	1	Buried	Buried
110 A VAL	21	164.5	0.1276595745	Exposed	1	Buried	Buried
111 A THR	1	152.5	0.006557377049	Buried	1	Buried	Buried
112 A PRO	27	146.8	0.1839237057	Exposed	1	Exposed	Buried
113 A ASP	40	158.7	0.2520478891	Exposed	1	Exposed	Buried
114 A ASP	36	158.7	0.2268431002	Exposed	1	Exposed	Buried
115 A SER	0	129.8	0	Exposed	1	Buried	Buried
116 A ASP	3	158.7	0.01890359168	Exposed	1	Buried	Buried
117 A GLY	0	88.1	0	Exposed	1	Buried	Buried
118 A TYR	13	236.8	0.05489864865	Exposed	1	Buried	Buried
119 A PRO	0	146.8	0	Buried	1	Buried	Buried
120 A GLU	34	186.2	0.1825993555	Exposed	1	Exposed	Buried
121 A ALA	5	118.1	0.04233700254	Exposed	1	Buried	Buried
122 A TRP	12	266.3	0.0450619602	Exposed	1	Buried	Buried
123 A PHE	5	222.8	0.02244165171	Buried	1	Buried	Buried
124 A SER	7	129.8	0.05392912173	Exposed	1	Buried	Buried
125 A LYS	61	225.8	0.2701505757	Exposed	1	Exposed	Exposed
126 A ASP	116	158.7	0.7309388784	Exposed	1	Exposed	Exposed
127 A PHE	29	222.8	0.1301615799	Exposed	1	Buried	Buried
128 A GLU	162	186.2	0.8700322234	Exposed	1	Exposed	Exposed
129 A GLN	86	193.2	0.4451345756	Exposed	1	Exposed	Exposed
130 A THR	62	152.5	0.406557377	Exposed	1	Exposed	Exposed
131 A GLY	5	88.1	0.05675368899	Exposed	1	Buried	Buried
132 A PRO	106	146.8	0.7220708447	Exposed	1	Exposed	Exposed
133 A TYR	92	236.8	0.3885135135	Exposed	1	Exposed	Exposed
134 A PHE	43	222.8	0.1929982047	Exposed	1	Exposed	Buried
135 A LYS	143	225.8	0.6333038087	Exposed	1	Exposed	Exposed
136 A ARG	84	256	0.328125	Exposed	1	Exposed	Exposed
137 A GLU	84	186.2	0.4511278195	Exposed	1	Exposed	Exposed
138 A VAL	38	164.5	0.2310030395	Exposed	1	Exposed	Buried
139 A TYR	5	236.8	0.02111486486	Buried	1	Buried	Buried
140 A HIS	36	202.5	0.1777777778	Exposed	1	Exposed	Buried
141 A TYR	1	236.8	0.004222972973	Buried	1	Buried	Buried
142 A PRO	9	146.8	0.06130790191	Exposed	1	Buried	Buried
143 A ASN	1	165.5	0.006042296073	Buried	1	Buried	Buried
144 A GLN	114	193.2	0.5900621118	Exposed	1	Exposed	Exposed
145 A GLN	22	193.2	0.1138716356	Exposed	1	Buried	Buried
146 A ARG	89	256	0.34765625	Exposed	1	Exposed	Exposed
147 A GLY	3	88.1	0.03405221339	Exposed	1	Buried	Buried
148 A ALA	5	118.1	0.04233700254	Exposed	1	Buried	Buried
149 A ILE	1	181	0.005524861878	Buried	1	Buried	Buried
150 A LEU	1	193.1	0.005178663905	Exposed	1	Buried	Buried
151 A TRP	2	266.3	0.007510326699	Buried	1	Buried	Buried
152 A TYR	0	236.8	0	Buried	0	Buried	Buried
153 A HIS	0	202.5	0	Buried	0	Buried	Buried
154 A ASP	0	158.7	0	Buried	0	Buried	Buried
155 A HIS	0	202.5	0	Buried	1	Buried	Buried
156 A ALA	0	118.1	0	Buried	1	Buried	Buried
157 A MET	10	203.4	0.04916420846	Buried	1	Buried	Buried
158 A ALA	14	118.1	0.1185436071	Buried	1	Buried	Buried
159 A LEU	8	193.1	0.04142931124	Buried	1	Buried	Buried
160 A THR	0	152.5	0	Buried	1	Buried	Buried
161 A ARG	3	256	0.01171875	Buried	1	Buried	Buried
162 A LEU	0	193.1	0	Buried	1	Buried	Buried
163 A ASN	0	165.5	0	Buried	1	Buried	Buried
164 A VAL	0	164.5	0	Buried	0	Buried	Buried
165 A TYR	0	236.8	0	Buried	0	Buried	Buried
166 A ALA	0	118.1	0	Buried	1	Buried	Buried
167 A GLY	0	88.1	0	Buried	1	Buried	Buried
168 A LEU	0	193.1	0	Buried	1	Buried	Buried
169 A VAL	0	164.5	0	Buried	1	Buried	Buried
170 A GLY	0	88.1	0	Buried	1	Buried	Buried
171 A ALA	0	118.1	0	Buried	1	Buried	Buried
172 A TYR	0	236.8	0	Buried	1	Buried	Buried
173 A ILE	5	181	0.02762430939	Exposed	0	Buried	Buried
174 A ILE	2	181	0.01104972376	Buried	0	Buried	Buried
175 A HIS	64	202.5	0.3160493827	Exposed	0	Exposed	Exposed
176 A ASP	22	158.7	0.138626339	Exposed	1	Buried	Buried
177 A PRO	71	146.8	0.4836512262	Exposed	1	Exposed	Exposed
178 A LYS	139	225.8	0.6155890168	Exposed	1	Exposed	Exposed
179 A GLU	39	186.2	0.2094522019	Exposed	1	Exposed	Buried
180 A LYS	178	225.8	0.7883082374	Exposed	1	Exposed	Exposed
181 A ARG	206	256	0.8046875	Exposed	0	Exposed	Exposed
182 A LEU	32	193.1	0.165717245	Exposed	0	Exposed	Buried
183 A LYS	128	225.8	0.5668733392	Exposed	1	Exposed	Exposed
184 A LEU	15	193.1	0.07767995857	Exposed	1	Buried	Buried
185 A PRO	1	146.8	0.006811989101	Exposed	1	Buried	Buried
186 A SER	58	129.8	0.4468412943	Exposed	1	Exposed	Exposed
187 A ASP	137	158.7	0.8632640202	Exposed	1	Exposed	Exposed
188 A GLU	108	186.2	0.5800214823	Exposed	1	Exposed	Exposed
189 A TYR	8	236.8	0.03378378378	Exposed	1	Buried	Buried
190 A ASP	29	158.7	0.1827347196	Exposed	1	Exposed	Buried
191 A VAL	5	164.5	0.03039513678	Exposed	1	Buried	Buried
192 A PRO	12	146.8	0.08174386921	Exposed	1	Buried	Buried
193 A LEU	4	193.1	0.02071465562	Buried	1	Buried	Buried
194 A LEU	1	193.1	0.005178663905	Buried	0	Buried	Buried
195 A ILE	0	181	0	Buried	0	Buried	Buried
196 A THR	2	152.5	0.0131147541	Buried	0	Buried	Buried
197 A ASP	0	158.7	0	Buried	0	Buried	Buried
198 A ARG	1	256	0.00390625	Buried	0	Buried	Buried
199 A THR	11	152.5	0.07213114754	Exposed	0	Buried	Buried
200 A ILE	23	181	0.1270718232	Exposed	1	Buried	Buried
201 A ASN	61	165.5	0.3685800604	Exposed	1	Exposed	Exposed
202 A GLU	196	186.2	1.052631579	Exposed	1	Exposed	Exposed
203 A ASP	107	158.7	0.6742281033	Exposed	1	Exposed	Exposed
204 A GLY	0	88.1	0	Exposed	1	Buried	Buried
205 A SER	39	129.8	0.3004622496	Exposed	1	Exposed	Exposed
206 A LEU	15	193.1	0.07767995857	Exposed	1	Buried	Buried
207 A PHE	87	222.8	0.3904847397	Exposed	1	Exposed	Exposed
208 A TYR	13	236.8	0.05489864865	Exposed	1	Buried	Buried
209 A PRO	22	146.8	0.1498637602	Exposed	1	Buried	Buried
210 A SER	56	129.8	0.4314329738	Exposed	1	Exposed	Exposed
211 A ALA	24	118.1	0.2032176122	Exposed	1	Exposed	Buried
212 A PRO	40	146.8	0.272479564	Exposed	1	Exposed	Exposed
213 A GLU	177	186.2	0.9505907626	Exposed	1	Exposed	Exposed
214 A ASN	155	165.5	0.9365558912	Exposed	1	Exposed	Exposed
215 A PRO	79	146.8	0.538147139	Exposed	1	Exposed	Exposed
216 A SER	51	129.8	0.3929121726	Exposed	1	Exposed	Exposed
217 A PRO	136	146.8	0.9264305177	Exposed	1	Exposed	Exposed
218 A SER	77	129.8	0.593220339	Exposed	1	Exposed	Exposed
219 A LEU	34	193.1	0.1760745728	Exposed	1	Exposed	Buried
220 A PRO	21	146.8	0.1430517711	Exposed	1	Buried	Buried
221 A ASN	133	165.5	0.8036253776	Exposed	1	Exposed	Exposed
222 A PRO	38	146.8	0.2588555858	Exposed	1	Exposed	Buried
223 A SER	3	129.8	0.02311248074	Buried	1	Buried	Buried
224 A ILE	11	181	0.06077348066	Exposed	1	Buried	Buried
225 A VAL	8	164.5	0.04863221884	Exposed	1	Buried	Buried
226 A PRO	65	146.8	0.4427792916	Exposed	1	Exposed	Exposed
227 A ALA	49	118.1	0.4149026249	Exposed	1	Exposed	Exposed
228 A PHE	8	222.8	0.03590664273	Exposed	1	Buried	Buried
229 A CYS	44	146.1	0.3011635866	Exposed	1	Exposed	Exposed
230 A GLY	2	88.1	0.0227014756	Exposed	1	Buried	Buried
231 A GLU	130	186.2	0.6981740064	Exposed	1	Exposed	Exposed
232 A THR	12	152.5	0.07868852459	Exposed	1	Buried	Buried
233 A ILE	0	181	0	Buried	1	Buried	Buried
234 A LEU	0	193.1	0	Buried	1	Buried	Buried
235 A VAL	0	164.5	0	Exposed	1	Buried	Buried
236 A ASN	1	165.5	0.006042296073	Exposed	1	Buried	Buried
237 A GLY	6	88.1	0.06810442679	Exposed	1	Buried	Buried
238 A LYS	45	225.8	0.1992914083	Exposed	1	Exposed	Buried
239 A VAL	0	164.5	0	Buried	1	Buried	Buried
240 A TRP	1	266.3	0.00375516335	Exposed	1	Buried	Buried
241 A PRO	0	146.8	0	Buried	1	Buried	Buried
242 A TYR	46	236.8	0.1942567568	Exposed	1	Exposed	Buried
243 A LEU	22	193.1	0.1139306059	Exposed	1	Buried	Buried
244 A GLU	97	186.2	0.5209452202	Exposed	1	Exposed	Exposed
245 A VAL	0	164.5	0	Buried	1	Buried	Buried
246 A GLU	0	186.2	0	Exposed	1	Buried	Buried
247 A PRO	9	146.8	0.06130790191	Exposed	1	Buried	Buried
248 A ARG	8	256	0.03125	Exposed	1	Buried	Buried
249 A LYS	19	225.8	0.08414526129	Exposed	1	Buried	Buried
250 A TYR	11	236.8	0.0464527027	Exposed	1	Buried	Buried
251 A ARG	20	256	0.078125	Exposed	1	Buried	Buried
252 A PHE	0	222.8	0	Buried	1	Buried	Buried
253 A ARG	4	256	0.015625	Exposed	0	Buried	Buried
254 A VAL	2	164.5	0.01215805471	Buried	0	Buried	Buried
255 A ILE	0	181	0	Buried	0	Buried	Buried
256 A ASN	0	165.5	0	Buried	0	Buried	Buried
257 A ALA	0	118.1	0	Buried	1	Buried	Buried
258 A SER	2	129.8	0.01540832049	Buried	1	Buried	Buried
259 A ASN	0	165.5	0	Buried	1	Buried	Buried
260 A THR	15	152.5	0.09836065574	Exposed	1	Buried	Buried
261 A ARG	6	256	0.0234375	Exposed	1	Buried	Buried
262 A THR	37	152.5	0.2426229508	Exposed	1	Exposed	Buried
263 A TYR	0	236.8	0	Buried	1	Buried	Buried
264 A ASN	43	165.5	0.2598187311	Exposed	1	Exposed	Buried
265 A LEU	2	193.1	0.01035732781	Exposed	1	Buried	Buried
266 A SER	34	129.8	0.2619414484	Exposed	1	Exposed	Buried
267 A LEU	9	193.1	0.04660797514	Exposed	0	Buried	Buried
268 A ASP	89	158.7	0.5608065532	Exposed	1	Exposed	Exposed
269 A ASN	46	165.5	0.2779456193	Exposed	1	Exposed	Exposed
270 A GLY	47	88.1	0.5334846765	Exposed	1	Exposed	Exposed
271 A GLY	3	88.1	0.03405221339	Exposed	1	Buried	Buried
272 A ASP	64	158.7	0.4032766226	Exposed	1	Exposed	Exposed
273 A PHE	0	222.8	0	Exposed	1	Buried	Buried
274 A ILE	23	181	0.1270718232	Exposed	1	Buried	Buried
275 A GLN	1	193.2	0.005175983437	Buried	1	Buried	Buried
276 A ILE	0	181	0	Buried	1	Buried	Buried
277 A GLY	0	88.1	0	Exposed	0	Buried	Buried
278 A SER	3	129.8	0.02311248074	Exposed	0	Buried	Buried
279 A ASP	1	158.7	0.006301197227	Exposed	1	Buried	Buried
280 A GLY	9	88.1	0.1021566402	Exposed	1	Buried	Buried
281 A GLY	2	88.1	0.0227014756	Exposed	1	Buried	Buried
282 A LEU	10	193.1	0.05178663905	Exposed	1	Buried	Buried
283 A LEU	0	193.1	0	Exposed	1	Buried	Buried
284 A PRO	4	146.8	0.0272479564	Exposed	1	Buried	Buried
285 A ARG	84	256	0.328125	Exposed	0	Exposed	Exposed
286 A SER	8	129.8	0.06163328197	Exposed	0	Buried	Buried
287 A VAL	18	164.5	0.1094224924	Exposed	0	Buried	Buried
288 A LYS	133	225.8	0.5890168291	Exposed	0	Exposed	Exposed
289 A LEU	28	193.1	0.1450025893	Exposed	0	Buried	Buried
290 A ASN	88	165.5	0.5317220544	Exposed	1	Exposed	Exposed
291 A SER	57	129.8	0.4391371341	Exposed	1	Exposed	Exposed
292 A PHE	8	222.8	0.03590664273	Exposed	1	Buried	Buried
293 A SER	36	129.8	0.2773497689	Exposed	1	Exposed	Exposed
294 A LEU	0	193.1	0	Buried	1	Buried	Buried
295 A ALA	0	118.1	0	Exposed	1	Buried	Buried
296 A PRO	0	146.8	0	Exposed	1	Buried	Buried
297 A ALA	0	118.1	0	Buried	1	Buried	Buried
298 A GLU	1	186.2	0.00537056928	Exposed	1	Buried	Buried
299 A ARG	1	256	0.00390625	Buried	1	Buried	Buried
300 A TYR	18	236.8	0.07601351351	Exposed	1	Buried	Buried
301 A ASP	4	158.7	0.02520478891	Buried	1	Buried	Buried
302 A ILE	4	181	0.02209944751	Buried	1	Buried	Buried
303 A ILE	0	181	0	Exposed	0	Buried	Buried
304 A ILE	3	181	0.01657458564	Exposed	0	Buried	Buried
305 A ASP	39	158.7	0.2457466919	Exposed	0	Exposed	Buried
306 A PHE	0	222.8	0	Exposed	1	Buried	Buried
307 A THR	70	152.5	0.4590163934	Exposed	1	Exposed	Exposed
308 A ALA	84	118.1	0.7112616427	Exposed	1	Exposed	Exposed
309 A TYR	56	236.8	0.2364864865	Exposed	1	Exposed	Buried
310 A GLU	139	186.2	0.74650913	Exposed	1	Exposed	Exposed
311 A GLY	51	88.1	0.5788876277	Exposed	1	Exposed	Exposed
312 A GLU	75	186.2	0.402792696	Exposed	1	Exposed	Exposed
313 A SER	66	129.8	0.5084745763	Exposed	1	Exposed	Exposed
314 A ILE	1	181	0.005524861878	Exposed	1	Buried	Buried
315 A ILE	32	181	0.1767955801	Exposed	1	Exposed	Buried
316 A LEU	4	193.1	0.02071465562	Buried	1	Buried	Buried
317 A ALA	21	118.1	0.1778154107	Exposed	0	Exposed	Buried
318 A ASN	5	165.5	0.03021148036	Exposed	0	Buried	Buried
319 A SER	77	129.8	0.593220339	Exposed	1	Exposed	Exposed
320 A ALA	21	118.1	0.1778154107	Exposed	1	Exposed	Buried
321 A GLY	40	88.1	0.4540295119	Exposed	1	Exposed	Exposed
322 A CYS	20	146.1	0.1368925394	Exposed	1	Buried	Buried
323 A GLY	88	88.1	0.9988649262	Exposed	1	Exposed	Exposed
324 A GLY	44	88.1	0.4994324631	Exposed	1	Exposed	Exposed
325 A ASP	162	158.7	1.020793951	Exposed	1	Exposed	Exposed
326 A VAL	37	164.5	0.2249240122	Exposed	1	Exposed	Buried
327 A ASN	73	165.5	0.4410876133	Exposed	1	Exposed	Exposed
328 A PRO	104	146.8	0.7084468665	Exposed	1	Exposed	Exposed
329 A GLU	119	186.2	0.6390977444	Exposed	1	Exposed	Exposed
330 A THR	14	152.5	0.09180327869	Exposed	1	Buried	Buried
331 A ASP	13	158.7	0.08191556396	Exposed	1	Buried	Buried
332 A ALA	17	118.1	0.1439458086	Exposed	0	Buried	Buried
333 A ASN	13	165.5	0.07854984894	Exposed	1	Buried	Buried
334 A ILE	0	181	0	Buried	1	Buried	Buried
335 A MET	0	203.4	0	Exposed	1	Buried	Buried
336 A GLN	24	193.2	0.1242236025	Exposed	1	Buried	Buried
337 A PHE	0	222.8	0	Buried	0	Buried	Buried
338 A ARG	65	256	0.25390625	Exposed	0	Exposed	Buried
339 A VAL	0	164.5	0	Exposed	1	Buried	Buried
340 A THR	77	152.5	0.5049180328	Exposed	1	Exposed	Exposed
341 A LYS	66	225.8	0.2922940655	Exposed	1	Exposed	Exposed
342 A PRO	105	146.8	0.7152588556	Exposed	1	Exposed	Exposed
343 A LEU	92	193.1	0.4764370792	Exposed	1	Exposed	Exposed
344 A ALA	62	118.1	0.5249788315	Exposed	1	Exposed	Exposed
345 A GLN	108	193.2	0.5590062112	Exposed	1	Exposed	Exposed
346 A LYS	149	225.8	0.6598759965	Exposed	1	Exposed	Exposed
347 A ASP	30	158.7	0.1890359168	Exposed	1	Exposed	Buried
348 A GLU	98	186.2	0.5263157895	Exposed	1	Exposed	Exposed
349 A SER	7	129.8	0.05392912173	Exposed	1	Buried	Buried
350 A ARG	121	256	0.47265625	Exposed	0	Exposed	Exposed
351 A LYS	97	225.8	0.4295837024	Exposed	0	Exposed	Exposed
352 A PRO	32	146.8	0.2179836512	Exposed	0	Exposed	Buried
353 A LYS	102	225.8	0.4517271922	Exposed	1	Exposed	Exposed
354 A TYR	167	236.8	0.7052364865	Exposed	1	Exposed	Exposed
355 A LEU	15	193.1	0.07767995857	Exposed	1	Buried	Buried
356 A ALA	37	118.1	0.3132938188	Exposed	1	Exposed	Exposed
357 A SER	98	129.8	0.7550077042	Exposed	1	Exposed	Exposed
358 A TYR	83	236.8	0.3505067568	Exposed	1	Exposed	Exposed
359 A PRO	3	146.8	0.0204359673	Exposed	1	Buried	Buried
360 A SER	76	129.8	0.5855161787	Exposed	1	Exposed	Exposed
361 A VAL	100	164.5	0.6079027356	Exposed	1	Exposed	Exposed
362 A GLN	89	193.2	0.4606625259	Exposed	1	Exposed	Exposed
363 A HIS	165	202.5	0.8148148148	Exposed	1	Exposed	Exposed
364 A GLU	97	186.2	0.5209452202	Exposed	1	Exposed	Exposed
365 A ARG	200	256	0.78125	Exposed	1	Exposed	Exposed
366 A ILE	71	181	0.3922651934	Exposed	1	Exposed	Exposed
367 A GLN	84	193.2	0.4347826087	Exposed	1	Exposed	Exposed
368 A ASN	62	165.5	0.3746223565	Exposed	1	Exposed	Exposed
369 A ILE	100	181	0.5524861878	Exposed	1	Exposed	Exposed
370 A ARG	36	256	0.140625	Exposed	1	Buried	Buried
371 A THR	83	152.5	0.5442622951	Exposed	1	Exposed	Exposed
372 A LEU	2	193.1	0.01035732781	Exposed	1	Buried	Buried
373 A LYS	38	225.8	0.1682905226	Exposed	1	Exposed	Buried
374 A LEU	1	193.1	0.005178663905	Exposed	1	Buried	Buried
375 A ALA	11	118.1	0.09314140559	Exposed	1	Buried	Buried
376 A GLY	33	88.1	0.3745743473	Exposed	1	Exposed	Exposed
377 A THR	87	152.5	0.5704918033	Exposed	1	Exposed	Exposed
378 A GLN	139	193.2	0.7194616977	Exposed	1	Exposed	Exposed
379 A ASP	23	158.7	0.1449275362	Exposed	0	Buried	Buried
380 A GLU	168	186.2	0.9022556391	Exposed	1	Exposed	Exposed
381 A TYR	63	236.8	0.2660472973	Exposed	1	Exposed	Buried
382 A GLY	38	88.1	0.4313280363	Exposed	1	Exposed	Exposed
383 A ARG	13	256	0.05078125	Exposed	1	Buried	Buried
384 A PRO	77	146.8	0.5245231608	Exposed	1	Exposed	Exposed
385 A VAL	7	164.5	0.04255319149	Exposed	1	Buried	Buried
386 A LEU	31	193.1	0.160538581	Exposed	1	Exposed	Buried
387 A LEU	7	193.1	0.03625064733	Exposed	1	Buried	Buried
388 A LEU	1	193.1	0.005178663905	Buried	1	Buried	Buried
389 A ASN	61	165.5	0.3685800604	Exposed	1	Exposed	Exposed
390 A ASN	82	165.5	0.4954682779	Exposed	1	Exposed	Exposed
391 A LYS	79	225.8	0.3498671391	Exposed	1	Exposed	Exposed
392 A ARG	77	256	0.30078125	Exposed	1	Exposed	Exposed
393 A TRP	12	266.3	0.0450619602	Exposed	1	Buried	Buried
394 A HIS	123	202.5	0.6074074074	Exposed	1	Exposed	Exposed
395 A ASP	45	158.7	0.2835538752	Exposed	1	Exposed	Exposed
396 A PRO	104	146.8	0.7084468665	Exposed	1	Exposed	Exposed
397 A VAL	43	164.5	0.2613981763	Exposed	1	Exposed	Buried
398 A THR	47	152.5	0.3081967213	Exposed	1	Exposed	Exposed
399 A GLU	6	186.2	0.03222341568	Exposed	1	Buried	Buried
400 A THR	57	152.5	0.3737704918	Exposed	1	Exposed	Exposed
401 A PRO	0	146.8	0	Exposed	1	Buried	Buried
402 A LYS	121	225.8	0.5358724535	Exposed	1	Exposed	Exposed
403 A VAL	44	164.5	0.2674772036	Exposed	1	Exposed	Buried
404 A GLY	50	88.1	0.5675368899	Exposed	1	Exposed	Exposed
405 A THR	25	152.5	0.1639344262	Exposed	1	Exposed	Buried
406 A THR	9	152.5	0.05901639344	Exposed	1	Buried	Buried
407 A GLU	3	186.2	0.01611170784	Exposed	1	Buried	Buried
408 A ILE	17	181	0.09392265193	Exposed	1	Buried	Buried
409 A TRP	1	266.3	0.00375516335	Buried	1	Buried	Buried
410 A SER	13	129.8	0.1001540832	Exposed	1	Buried	Buried
411 A ILE	0	181	0	Buried	1	Buried	Buried
412 A ILE	4	181	0.02209944751	Exposed	1	Buried	Buried
413 A ASN	0	165.5	0	Buried	1	Buried	Buried
414 A PRO	12	146.8	0.08174386921	Exposed	1	Buried	Buried
415 A THR	33	152.5	0.2163934426	Exposed	1	Exposed	Buried
416 A ARG	259	256	1.01171875	Exposed	1	Exposed	Exposed
417 A GLY	37	88.1	0.4199772985	Exposed	1	Exposed	Exposed
418 A THR	46	152.5	0.3016393443	Exposed	1	Exposed	Exposed
419 A HIS	8	202.5	0.03950617284	Exposed	1	Buried	Buried
420 A PRO	2	146.8	0.0136239782	Exposed	1	Buried	Buried
421 A ILE	0	181	0	Buried	1	Buried	Buried
422 A HIS	1	202.5	0.004938271605	Exposed	1	Buried	Buried
423 A LEU	0	193.1	0	Exposed	1	Buried	Buried
424 A HIS	1	202.5	0.004938271605	Exposed	1	Buried	Buried
425 A LEU	6	193.1	0.03107198343	Exposed	1	Buried	Buried
426 A VAL	9	164.5	0.0547112462	Exposed	1	Buried	Buried
427 A SER	34	129.8	0.2619414484	Exposed	1	Exposed	Buried
428 A PHE	0	222.8	0	Exposed	1	Buried	Buried
429 A ARG	47	256	0.18359375	Exposed	1	Exposed	Buried
430 A VAL	1	164.5	0.006079027356	Exposed	1	Buried	Buried
431 A LEU	49	193.1	0.2537545313	Exposed	1	Exposed	Buried
432 A ASP	26	158.7	0.1638311279	Exposed	1	Exposed	Buried
433 A ARG	22	256	0.0859375	Exposed	1	Buried	Buried
434 A ARG	89	256	0.34765625	Exposed	1	Exposed	Exposed
435 A PRO	40	146.8	0.272479564	Exposed	1	Exposed	Exposed
436 A PHE	8	222.8	0.03590664273	Exposed	1	Buried	Buried
437 A ASP	64	158.7	0.4032766226	Exposed	0	Exposed	Exposed
438 A ILE	67	181	0.3701657459	Exposed	1	Exposed	Exposed
439 A ALA	72	118.1	0.6096528366	Exposed	1	Exposed	Exposed
440 A ARG	92	256	0.359375	Exposed	1	Exposed	Exposed
441 A TYR	28	236.8	0.1182432432	Exposed	1	Buried	Buried
442 A GLN	100	193.2	0.5175983437	Exposed	1	Exposed	Exposed
443 A GLU	166	186.2	0.8915145005	Exposed	1	Exposed	Exposed
444 A SER	47	129.8	0.3620955316	Exposed	1	Exposed	Exposed
445 A GLY	48	88.1	0.5448354143	Exposed	1	Exposed	Exposed
446 A GLU	108	186.2	0.5800214823	Exposed	1	Exposed	Exposed
447 A LEU	65	193.1	0.3366131538	Exposed	1	Exposed	Exposed
448 A SER	41	129.8	0.3158705701	Exposed	1	Exposed	Exposed
449 A TYR	79	236.8	0.3336148649	Exposed	1	Exposed	Exposed
450 A THR	90	152.5	0.5901639344	Exposed	1	Exposed	Exposed
451 A GLY	20	88.1	0.227014756	Exposed	1	Exposed	Buried
452 A PRO	99	146.8	0.674386921	Exposed	1	Exposed	Exposed
453 A ALA	40	118.1	0.3386960203	Exposed	1	Exposed	Exposed
454 A VAL	88	164.5	0.5349544073	Exposed	1	Exposed	Exposed
455 A PRO	88	146.8	0.5994550409	Exposed	1	Exposed	Exposed
456 A PRO	13	146.8	0.08855585831	Exposed	1	Buried	Buried
457 A PRO	63	146.8	0.4291553134	Exposed	1	Exposed	Exposed
458 A PRO	65	146.8	0.4427792916	Exposed	1	Exposed	Exposed
459 A SER	11	129.8	0.08474576271	Exposed	1	Buried	Buried
460 A GLU	17	186.2	0.09129967777	Exposed	1	Buried	Buried
461 A LYS	90	225.8	0.3985828167	Exposed	1	Exposed	Exposed
462 A GLY	0	88.1	0	Exposed	1	Buried	Buried
463 A TRP	23	266.3	0.08636875704	Exposed	1	Buried	Buried
464 A LYS	3	225.8	0.01328609389	Buried	1	Buried	Buried
465 A ASP	4	158.7	0.02520478891	Buried	1	Buried	Buried
466 A THR	0	152.5	0	Buried	1	Buried	Buried
467 A ILE	0	181	0	Buried	1	Buried	Buried
468 A GLN	14	193.2	0.07246376812	Exposed	1	Buried	Buried
469 A ALA	2	118.1	0.01693480102	Buried	1	Buried	Buried
470 A HIS	63	202.5	0.3111111111	Exposed	1	Exposed	Exposed
471 A ALA	39	118.1	0.3302286198	Exposed	1	Exposed	Exposed
472 A GLY	9	88.1	0.1021566402	Exposed	1	Buried	Buried
473 A GLU	51	186.2	0.2738990333	Buried	1	Exposed	Exposed
474 A VAL	2	164.5	0.01215805471	Buried	1	Buried	Buried
475 A LEU	2	193.1	0.01035732781	Buried	1	Buried	Buried
476 A ARG	73	256	0.28515625	Exposed	1	Exposed	Exposed
477 A ILE	1	181	0.005524861878	Buried	1	Buried	Buried
478 A ALA	14	118.1	0.1185436071	Exposed	1	Buried	Buried
479 A ALA	3	118.1	0.02540220152	Exposed	1	Buried	Buried
480 A THR	48	152.5	0.3147540984	Exposed	1	Exposed	Exposed
481 A PHE	0	222.8	0	Exposed	1	Buried	Buried
482 A GLY	16	88.1	0.1816118048	Exposed	1	Exposed	Buried
483 A PRO	86	146.8	0.5858310627	Exposed	1	Exposed	Exposed
484 A TYR	51	236.8	0.2153716216	Exposed	1	Exposed	Buried
485 A SER	38	129.8	0.2927580894	Exposed	1	Exposed	Exposed
486 A GLY	16	88.1	0.1816118048	Exposed	1	Exposed	Buried
487 A ARG	52	256	0.203125	Exposed	1	Exposed	Buried
488 A TYR	1	236.8	0.004222972973	Buried	1	Buried	Buried
489 A VAL	0	164.5	0	Buried	1	Buried	Buried
490 A TRP	0	266.3	0	Buried	1	Buried	Buried
491 A HIS	0	202.5	0	Buried	1	Buried	Buried
492 A CYS	0	146.1	0	Buried	1	Buried	Buried
493 A HIS	0	202.5	0	Buried	1	Buried	Buried
494 A ILE	14	181	0.0773480663	Exposed	1	Buried	Buried
495 A LEU	1	193.1	0.005178663905	Buried	1	Buried	Buried
496 A GLU	3	186.2	0.01611170784	Exposed	1	Buried	Buried
497 A HIS	24	202.5	0.1185185185	Exposed	1	Buried	Buried
498 A GLU	0	186.2	0	Exposed	1	Buried	Buried
499 A ASP	5	158.7	0.03150598614	Exposed	1	Buried	Buried
500 A TYR	22	236.8	0.09290540541	Exposed	1	Buried	Buried
501 A ASP	11	158.7	0.0693131695	Exposed	1	Buried	Buried
502 A MET	0	203.4	0	Buried	1	Buried	Buried
503 A MET	1	203.4	0.004916420846	Buried	1	Buried	Buried
504 A ARG	0	256	0	Exposed	1	Buried	Buried
505 A PRO	4	146.8	0.0272479564	Exposed	1	Buried	Buried
506 A MET	0	203.4	0	Buried	1	Buried	Buried
507 A ASP	34	158.7	0.2142407057	Exposed	1	Exposed	Buried
508 A ILE	3	181	0.01657458564	Exposed	1	Buried	Buried
509 A THR	55	152.5	0.3606557377	Exposed	1	Exposed	Exposed
510 A ASP	152	158.7	0.9577819786	Exposed	1	Exposed	Exposed
