Residue	SASA (DSSP)	MaxASA (Tien et al., 2013; theor.)	RSA (Tien et al., 2013; theor.)	Exposed/Buried Based on Vis.	Bondugula Switch Class	Buried/Exposed (RSA = 16%)	Buried/Exposed (RSA = 27%)
2 A THR	142	172	0.8255813953	Exposed	0	Exposed	Exposed
3 A LEU	33	201	0.1641791045	Exposed	0	Exposed	Buried
4 A GLU	110	223	0.4932735426	Exposed	0	Exposed	Exposed
5 A LYS	41	236	0.1737288136	Exposed	0	Exposed	Buried
6 A PHE	21	240	0.0875	Exposed	0	Buried	Buried
7 A VAL	33	174	0.1896551724	Exposed	0	Exposed	Buried
8 A ASP	22	193	0.1139896373	Exposed	0	Buried	Buried
9 A ALA	53	129	0.4108527132	Exposed	0	Exposed	Exposed
10 A LEU	10	201	0.04975124378	Exposed	0	Buried	Buried
11 A PRO	46	159	0.2893081761	Exposed	0	Exposed	Exposed
12 A ILE	85	197	0.4314720812	Exposed	0	Exposed	Exposed
13 A PRO	20	159	0.1257861635	Exposed	0	Buried	Buried
14 A ASP	131	193	0.6787564767	Exposed	0	Exposed	Exposed
15 A THR	61	172	0.3546511628	Exposed	0	Exposed	Exposed
16 A LEU	23	201	0.1144278607	Exposed	0	Buried	Buried
17 A LYS	172	236	0.7288135593	Exposed	0	Exposed	Exposed
18 A PRO	41	159	0.2578616352	Exposed	0	Exposed	Buried
19 A VAL	81	174	0.4655172414	Exposed	0	Exposed	Exposed
20 A GLN	112	225	0.4977777778	Exposed	0	Exposed	Exposed
21 A GLN	113	225	0.5022222222	Exposed	0	Exposed	Exposed
22 A SER	59	155	0.3806451613	Exposed	1	Exposed	Exposed
23 A LYS	203	236	0.8601694915	Exposed	0	Exposed	Exposed
24 A GLU	132	223	0.5919282511	Exposed	0	Exposed	Exposed
25 A LYS	91	236	0.3855932203	Exposed	1	Exposed	Exposed
26 A THR	4	172	0.02325581395	Exposed	0	Buried	Buried
27 A TYR	30	263	0.1140684411	Exposed	0	Buried	Buried
28 A TYR	7	263	0.02661596958	Exposed	0	Buried	Buried
29 A GLU	72	223	0.3228699552	Exposed	0	Exposed	Exposed
30 A VAL	0	174	0	Exposed	0	Buried	Buried
31 A THR	27	172	0.1569767442	Exposed	0	Buried	Buried
32 A MET	1	224	0.004464285714	Exposed	0	Buried	Buried
33 A GLU	74	223	0.331838565	Exposed	0	Exposed	Exposed
34 A GLU	70	223	0.3139013453	Exposed	0	Exposed	Exposed
35 A CYS	18	167	0.1077844311	Exposed	0	Buried	Buried
36 A THR	90	172	0.523255814	Exposed	0	Exposed	Exposed
37 A HIS	62	224	0.2767857143	Exposed	0	Exposed	Exposed
38 A GLN	82	225	0.3644444444	Exposed	1	Exposed	Exposed
39 A LEU	0	201	0	Exposed	1	Buried	Buried
40 A HIS	0	224	0	Exposed	1	Buried	Buried
41 A ARG	109	274	0.397810219	Exposed	0	Exposed	Exposed
42 A ASP	89	193	0.4611398964	Exposed	0	Exposed	Exposed
43 A LEU	14	201	0.06965174129	Exposed	0	Buried	Buried
44 A PRO	57	159	0.358490566	Exposed	1	Exposed	Exposed
45 A PRO	77	159	0.4842767296	Exposed	0	Exposed	Exposed
46 A THR	0	172	0	Exposed	1	Buried	Buried
47 A ARG	109	274	0.397810219	Exposed	0	Exposed	Exposed
48 A LEU	0	201	0	Exposed	0	Buried	Buried
49 A TRP	0	285	0	Exposed	0	Buried	Buried
50 A GLY	0	104	0	Buried	0	Buried	Buried
51 A TYR	0	263	0	Buried	0	Buried	Buried
52 A ASN	51	195	0.2615384615	Exposed	1	Exposed	Buried
53 A GLY	8	104	0.07692307692	Exposed	0	Buried	Buried
54 A LEU	73	201	0.3631840796	Exposed	1	Exposed	Exposed
55 A PHE	19	240	0.07916666667	Exposed	1	Buried	Buried
56 A PRO	8	159	0.05031446541	Exposed	0	Buried	Buried
57 A GLY	0	104	0	Exposed	1	Buried	Buried
58 A PRO	5	159	0.03144654088	Exposed	1	Buried	Buried
59 A THR	5	172	0.02906976744	Exposed	1	Buried	Buried
60 A ILE	0	197	0	Buried	0	Buried	Buried
61 A GLU	76	223	0.3408071749	Exposed	0	Exposed	Exposed
62 A VAL	3	174	0.01724137931	Exposed	0	Buried	Buried
63 A LYS	126	236	0.5338983051	Exposed	0	Exposed	Exposed
64 A ARG	87	274	0.3175182482	Exposed	1	Exposed	Exposed
65 A ASN	98	195	0.5025641026	Exposed	0	Exposed	Exposed
66 A GLU	24	223	0.1076233184	Exposed	1	Buried	Buried
67 A ASN	51	195	0.2615384615	Exposed	0	Exposed	Buried
68 A VAL	0	174	0	Buried	1	Buried	Buried
69 A TYR	53	263	0.2015209125	Exposed	0	Exposed	Buried
70 A VAL	0	174	0	Buried	0	Buried	Buried
71 A LYS	48	236	0.2033898305	Exposed	0	Exposed	Buried
72 A TRP	2	285	0.00701754386	Buried	0	Buried	Buried
73 A MET	34	224	0.1517857143	Exposed	0	Buried	Buried
74 A ASN	1	195	0.005128205128	Exposed	0	Buried	Buried
75 A ASN	82	195	0.4205128205	Exposed	1	Exposed	Exposed
76 A LEU	1	201	0.004975124378	Exposed	0	Buried	Buried
77 A PRO	38	159	0.2389937107	Exposed	0	Exposed	Buried
78 A SER	82	155	0.5290322581	Exposed	1	Exposed	Exposed
79 A THR	89	172	0.5174418605	Exposed	0	Exposed	Exposed
80 A HIS	19	224	0.08482142857	Exposed	1	Buried	Buried
81 A PHE	42	240	0.175	Exposed	1	Exposed	Buried
82 A LEU	14	201	0.06965174129	Exposed	0	Buried	Buried
83 A PRO	30	159	0.1886792453	Exposed	1	Exposed	Buried
84 A ILE	24	197	0.1218274112	Exposed	0	Buried	Buried
85 A ASP	6	193	0.0310880829	Exposed	0	Buried	Buried
86 A HIS	135	224	0.6026785714	Exposed	1	Exposed	Exposed
87 A THR	51	172	0.2965116279	Exposed	1	Exposed	Exposed
88 A ILE	10	197	0.05076142132	Exposed	1	Buried	Buried
89 A HIS	127	224	0.5669642857	Exposed	1	Exposed	Exposed
97 A GLU	0	223	0	Exposed	0	Buried	Buried
98 A PRO	154	159	0.9685534591	Exposed	0	Exposed	Exposed
99 A GLU	22	223	0.09865470852	Exposed	0	Buried	Buried
100 A VAL	5	174	0.02873563218	Exposed	1	Buried	Buried
101 A LYS	25	236	0.1059322034	Exposed	1	Buried	Buried
102 A THR	0	172	0	Buried	1	Buried	Buried
103 A VAL	0	174	0	Buried	1	Buried	Buried
104 A VAL	0	174	0	Buried	1	Buried	Buried
105 A HIS	1	224	0.004464285714	Exposed	1	Buried	Buried
106 A LEU	1	201	0.004975124378	Buried	1	Buried	Buried
107 A HIS	0	224	0	Buried	1	Buried	Buried
108 A GLY	15	104	0.1442307692	Exposed	1	Buried	Buried
109 A GLY	1	104	0.009615384615	Buried	1	Buried	Buried
110 A VAL	21	174	0.1206896552	Exposed	1	Buried	Buried
111 A THR	1	172	0.005813953488	Buried	1	Buried	Buried
112 A PRO	27	159	0.1698113208	Exposed	1	Exposed	Buried
113 A ASP	40	193	0.207253886	Exposed	1	Exposed	Buried
114 A ASP	36	193	0.1865284974	Exposed	1	Exposed	Buried
115 A SER	0	155	0	Exposed	1	Buried	Buried
116 A ASP	3	193	0.01554404145	Exposed	1	Buried	Buried
117 A GLY	0	104	0	Exposed	1	Buried	Buried
118 A TYR	13	263	0.04942965779	Exposed	1	Buried	Buried
119 A PRO	0	159	0	Buried	1	Buried	Buried
120 A GLU	34	223	0.1524663677	Exposed	1	Buried	Buried
121 A ALA	5	129	0.03875968992	Exposed	1	Buried	Buried
122 A TRP	12	285	0.04210526316	Exposed	1	Buried	Buried
123 A PHE	5	240	0.02083333333	Buried	1	Buried	Buried
124 A SER	7	155	0.04516129032	Exposed	1	Buried	Buried
125 A LYS	61	236	0.2584745763	Exposed	1	Exposed	Buried
126 A ASP	116	193	0.6010362694	Exposed	1	Exposed	Exposed
127 A PHE	29	240	0.1208333333	Exposed	1	Buried	Buried
128 A GLU	162	223	0.7264573991	Exposed	1	Exposed	Exposed
129 A GLN	86	225	0.3822222222	Exposed	1	Exposed	Exposed
130 A THR	62	172	0.3604651163	Exposed	1	Exposed	Exposed
131 A GLY	5	104	0.04807692308	Exposed	1	Buried	Buried
132 A PRO	106	159	0.6666666667	Exposed	1	Exposed	Exposed
133 A TYR	92	263	0.3498098859	Exposed	1	Exposed	Exposed
134 A PHE	43	240	0.1791666667	Exposed	1	Exposed	Buried
135 A LYS	143	236	0.6059322034	Exposed	1	Exposed	Exposed
136 A ARG	84	274	0.3065693431	Exposed	1	Exposed	Exposed
137 A GLU	84	223	0.3766816143	Exposed	1	Exposed	Exposed
138 A VAL	38	174	0.2183908046	Exposed	1	Exposed	Buried
139 A TYR	5	263	0.01901140684	Buried	1	Buried	Buried
140 A HIS	36	224	0.1607142857	Exposed	1	Exposed	Buried
141 A TYR	1	263	0.003802281369	Buried	1	Buried	Buried
142 A PRO	9	159	0.05660377358	Exposed	1	Buried	Buried
143 A ASN	1	195	0.005128205128	Buried	1	Buried	Buried
144 A GLN	114	225	0.5066666667	Exposed	1	Exposed	Exposed
145 A GLN	22	225	0.09777777778	Exposed	1	Buried	Buried
146 A ARG	89	274	0.3248175182	Exposed	1	Exposed	Exposed
147 A GLY	3	104	0.02884615385	Exposed	1	Buried	Buried
148 A ALA	5	129	0.03875968992	Exposed	1	Buried	Buried
149 A ILE	1	197	0.005076142132	Buried	1	Buried	Buried
150 A LEU	1	201	0.004975124378	Exposed	1	Buried	Buried
151 A TRP	2	285	0.00701754386	Buried	1	Buried	Buried
152 A TYR	0	263	0	Buried	0	Buried	Buried
153 A HIS	0	224	0	Buried	0	Buried	Buried
154 A ASP	0	193	0	Buried	0	Buried	Buried
155 A HIS	0	224	0	Buried	1	Buried	Buried
156 A ALA	0	129	0	Buried	1	Buried	Buried
157 A MET	10	224	0.04464285714	Buried	1	Buried	Buried
158 A ALA	14	129	0.1085271318	Buried	1	Buried	Buried
159 A LEU	8	201	0.03980099502	Buried	1	Buried	Buried
160 A THR	0	172	0	Buried	1	Buried	Buried
161 A ARG	3	274	0.01094890511	Buried	1	Buried	Buried
162 A LEU	0	201	0	Buried	1	Buried	Buried
163 A ASN	0	195	0	Buried	1	Buried	Buried
164 A VAL	0	174	0	Buried	0	Buried	Buried
165 A TYR	0	263	0	Buried	0	Buried	Buried
166 A ALA	0	129	0	Buried	1	Buried	Buried
167 A GLY	0	104	0	Buried	1	Buried	Buried
168 A LEU	0	201	0	Buried	1	Buried	Buried
169 A VAL	0	174	0	Buried	1	Buried	Buried
170 A GLY	0	104	0	Buried	1	Buried	Buried
171 A ALA	0	129	0	Buried	1	Buried	Buried
172 A TYR	0	263	0	Buried	1	Buried	Buried
173 A ILE	5	197	0.02538071066	Exposed	0	Buried	Buried
174 A ILE	2	197	0.01015228426	Buried	0	Buried	Buried
175 A HIS	64	224	0.2857142857	Exposed	0	Exposed	Exposed
176 A ASP	22	193	0.1139896373	Exposed	1	Buried	Buried
177 A PRO	71	159	0.4465408805	Exposed	1	Exposed	Exposed
178 A LYS	139	236	0.5889830508	Exposed	1	Exposed	Exposed
179 A GLU	39	223	0.1748878924	Exposed	1	Exposed	Buried
180 A LYS	178	236	0.7542372881	Exposed	1	Exposed	Exposed
181 A ARG	206	274	0.7518248175	Exposed	0	Exposed	Exposed
182 A LEU	32	201	0.1592039801	Exposed	0	Buried	Buried
183 A LYS	128	236	0.5423728814	Exposed	1	Exposed	Exposed
184 A LEU	15	201	0.07462686567	Exposed	1	Buried	Buried
185 A PRO	1	159	0.006289308176	Exposed	1	Buried	Buried
186 A SER	58	155	0.3741935484	Exposed	1	Exposed	Exposed
187 A ASP	137	193	0.7098445596	Exposed	1	Exposed	Exposed
188 A GLU	108	223	0.4843049327	Exposed	1	Exposed	Exposed
189 A TYR	8	263	0.03041825095	Exposed	1	Buried	Buried
190 A ASP	29	193	0.1502590674	Exposed	1	Buried	Buried
191 A VAL	5	174	0.02873563218	Exposed	1	Buried	Buried
192 A PRO	12	159	0.07547169811	Exposed	1	Buried	Buried
193 A LEU	4	201	0.01990049751	Buried	1	Buried	Buried
194 A LEU	1	201	0.004975124378	Buried	0	Buried	Buried
195 A ILE	0	197	0	Buried	0	Buried	Buried
196 A THR	2	172	0.01162790698	Buried	0	Buried	Buried
197 A ASP	0	193	0	Buried	0	Buried	Buried
198 A ARG	1	274	0.003649635036	Buried	0	Buried	Buried
199 A THR	11	172	0.06395348837	Exposed	0	Buried	Buried
200 A ILE	23	197	0.116751269	Exposed	1	Buried	Buried
201 A ASN	61	195	0.3128205128	Exposed	1	Exposed	Exposed
202 A GLU	196	223	0.8789237668	Exposed	1	Exposed	Exposed
203 A ASP	107	193	0.5544041451	Exposed	1	Exposed	Exposed
204 A GLY	0	104	0	Exposed	1	Buried	Buried
205 A SER	39	155	0.2516129032	Exposed	1	Exposed	Buried
206 A LEU	15	201	0.07462686567	Exposed	1	Buried	Buried
207 A PHE	87	240	0.3625	Exposed	1	Exposed	Exposed
208 A TYR	13	263	0.04942965779	Exposed	1	Buried	Buried
209 A PRO	22	159	0.1383647799	Exposed	1	Buried	Buried
210 A SER	56	155	0.3612903226	Exposed	1	Exposed	Exposed
211 A ALA	24	129	0.1860465116	Exposed	1	Exposed	Buried
212 A PRO	40	159	0.251572327	Exposed	1	Exposed	Buried
213 A GLU	177	223	0.7937219731	Exposed	1	Exposed	Exposed
214 A ASN	155	195	0.7948717949	Exposed	1	Exposed	Exposed
215 A PRO	79	159	0.4968553459	Exposed	1	Exposed	Exposed
216 A SER	51	155	0.3290322581	Exposed	1	Exposed	Exposed
217 A PRO	136	159	0.8553459119	Exposed	1	Exposed	Exposed
218 A SER	77	155	0.4967741935	Exposed	1	Exposed	Exposed
219 A LEU	34	201	0.1691542289	Exposed	1	Exposed	Buried
220 A PRO	21	159	0.1320754717	Exposed	1	Buried	Buried
221 A ASN	133	195	0.6820512821	Exposed	1	Exposed	Exposed
222 A PRO	38	159	0.2389937107	Exposed	1	Exposed	Buried
223 A SER	3	155	0.01935483871	Buried	1	Buried	Buried
224 A ILE	11	197	0.05583756345	Exposed	1	Buried	Buried
225 A VAL	8	174	0.04597701149	Exposed	1	Buried	Buried
226 A PRO	65	159	0.4088050314	Exposed	1	Exposed	Exposed
227 A ALA	49	129	0.3798449612	Exposed	1	Exposed	Exposed
228 A PHE	8	240	0.03333333333	Exposed	1	Buried	Buried
229 A CYS	44	167	0.2634730539	Exposed	1	Exposed	Buried
230 A GLY	2	104	0.01923076923	Exposed	1	Buried	Buried
231 A GLU	130	223	0.5829596413	Exposed	1	Exposed	Exposed
232 A THR	12	172	0.06976744186	Exposed	1	Buried	Buried
233 A ILE	0	197	0	Buried	1	Buried	Buried
234 A LEU	0	201	0	Buried	1	Buried	Buried
235 A VAL	0	174	0	Exposed	1	Buried	Buried
236 A ASN	1	195	0.005128205128	Exposed	1	Buried	Buried
237 A GLY	6	104	0.05769230769	Exposed	1	Buried	Buried
238 A LYS	45	236	0.1906779661	Exposed	1	Exposed	Buried
239 A VAL	0	174	0	Buried	1	Buried	Buried
240 A TRP	1	285	0.00350877193	Exposed	1	Buried	Buried
241 A PRO	0	159	0	Buried	1	Buried	Buried
242 A TYR	46	263	0.174904943	Exposed	1	Exposed	Buried
243 A LEU	22	201	0.1094527363	Exposed	1	Buried	Buried
244 A GLU	97	223	0.4349775785	Exposed	1	Exposed	Exposed
245 A VAL	0	174	0	Buried	1	Buried	Buried
246 A GLU	0	223	0	Exposed	1	Buried	Buried
247 A PRO	9	159	0.05660377358	Exposed	1	Buried	Buried
248 A ARG	8	274	0.02919708029	Exposed	1	Buried	Buried
249 A LYS	19	236	0.08050847458	Exposed	1	Buried	Buried
250 A TYR	11	263	0.04182509506	Exposed	1	Buried	Buried
251 A ARG	20	274	0.07299270073	Exposed	1	Buried	Buried
252 A PHE	0	240	0	Buried	1	Buried	Buried
253 A ARG	4	274	0.01459854015	Exposed	0	Buried	Buried
254 A VAL	2	174	0.01149425287	Buried	0	Buried	Buried
255 A ILE	0	197	0	Buried	0	Buried	Buried
256 A ASN	0	195	0	Buried	0	Buried	Buried
257 A ALA	0	129	0	Buried	1	Buried	Buried
258 A SER	2	155	0.01290322581	Buried	1	Buried	Buried
259 A ASN	0	195	0	Buried	1	Buried	Buried
260 A THR	15	172	0.08720930233	Exposed	1	Buried	Buried
261 A ARG	6	274	0.02189781022	Exposed	1	Buried	Buried
262 A THR	37	172	0.2151162791	Exposed	1	Exposed	Buried
263 A TYR	0	263	0	Buried	1	Buried	Buried
264 A ASN	43	195	0.2205128205	Exposed	1	Exposed	Buried
265 A LEU	2	201	0.009950248756	Exposed	1	Buried	Buried
266 A SER	34	155	0.2193548387	Exposed	1	Exposed	Buried
267 A LEU	9	201	0.0447761194	Exposed	0	Buried	Buried
268 A ASP	89	193	0.4611398964	Exposed	1	Exposed	Exposed
269 A ASN	46	195	0.2358974359	Exposed	1	Exposed	Buried
270 A GLY	47	104	0.4519230769	Exposed	1	Exposed	Exposed
271 A GLY	3	104	0.02884615385	Exposed	1	Buried	Buried
272 A ASP	64	193	0.3316062176	Exposed	1	Exposed	Exposed
273 A PHE	0	240	0	Exposed	1	Buried	Buried
274 A ILE	23	197	0.116751269	Exposed	1	Buried	Buried
275 A GLN	1	225	0.004444444444	Buried	1	Buried	Buried
276 A ILE	0	197	0	Buried	1	Buried	Buried
277 A GLY	0	104	0	Exposed	0	Buried	Buried
278 A SER	3	155	0.01935483871	Exposed	0	Buried	Buried
279 A ASP	1	193	0.00518134715	Exposed	1	Buried	Buried
280 A GLY	9	104	0.08653846154	Exposed	1	Buried	Buried
281 A GLY	2	104	0.01923076923	Exposed	1	Buried	Buried
282 A LEU	10	201	0.04975124378	Exposed	1	Buried	Buried
283 A LEU	0	201	0	Exposed	1	Buried	Buried
284 A PRO	4	159	0.0251572327	Exposed	1	Buried	Buried
285 A ARG	84	274	0.3065693431	Exposed	0	Exposed	Exposed
286 A SER	8	155	0.05161290323	Exposed	0	Buried	Buried
287 A VAL	18	174	0.1034482759	Exposed	0	Buried	Buried
288 A LYS	133	236	0.563559322	Exposed	0	Exposed	Exposed
289 A LEU	28	201	0.1393034826	Exposed	0	Buried	Buried
290 A ASN	88	195	0.4512820513	Exposed	1	Exposed	Exposed
291 A SER	57	155	0.3677419355	Exposed	1	Exposed	Exposed
292 A PHE	8	240	0.03333333333	Exposed	1	Buried	Buried
293 A SER	36	155	0.2322580645	Exposed	1	Exposed	Buried
294 A LEU	0	201	0	Buried	1	Buried	Buried
295 A ALA	0	129	0	Exposed	1	Buried	Buried
296 A PRO	0	159	0	Exposed	1	Buried	Buried
297 A ALA	0	129	0	Buried	1	Buried	Buried
298 A GLU	1	223	0.004484304933	Exposed	1	Buried	Buried
299 A ARG	1	274	0.003649635036	Buried	1	Buried	Buried
300 A TYR	18	263	0.06844106464	Exposed	1	Buried	Buried
301 A ASP	4	193	0.0207253886	Buried	1	Buried	Buried
302 A ILE	4	197	0.02030456853	Buried	1	Buried	Buried
303 A ILE	0	197	0	Exposed	0	Buried	Buried
304 A ILE	3	197	0.0152284264	Exposed	0	Buried	Buried
305 A ASP	39	193	0.2020725389	Exposed	0	Exposed	Buried
306 A PHE	0	240	0	Exposed	1	Buried	Buried
307 A THR	70	172	0.4069767442	Exposed	1	Exposed	Exposed
308 A ALA	84	129	0.6511627907	Exposed	1	Exposed	Exposed
309 A TYR	56	263	0.2129277567	Exposed	1	Exposed	Buried
310 A GLU	139	223	0.6233183857	Exposed	1	Exposed	Exposed
311 A GLY	51	104	0.4903846154	Exposed	1	Exposed	Exposed
312 A GLU	75	223	0.33632287	Exposed	1	Exposed	Exposed
313 A SER	66	155	0.4258064516	Exposed	1	Exposed	Exposed
314 A ILE	1	197	0.005076142132	Exposed	1	Buried	Buried
315 A ILE	32	197	0.1624365482	Exposed	1	Exposed	Buried
316 A LEU	4	201	0.01990049751	Buried	1	Buried	Buried
317 A ALA	21	129	0.1627906977	Exposed	0	Exposed	Buried
318 A ASN	5	195	0.02564102564	Exposed	0	Buried	Buried
319 A SER	77	155	0.4967741935	Exposed	1	Exposed	Exposed
320 A ALA	21	129	0.1627906977	Exposed	1	Exposed	Buried
321 A GLY	40	104	0.3846153846	Exposed	1	Exposed	Exposed
322 A CYS	20	167	0.119760479	Exposed	1	Buried	Buried
323 A GLY	88	104	0.8461538462	Exposed	1	Exposed	Exposed
324 A GLY	44	104	0.4230769231	Exposed	1	Exposed	Exposed
325 A ASP	162	193	0.8393782383	Exposed	1	Exposed	Exposed
326 A VAL	37	174	0.2126436782	Exposed	1	Exposed	Buried
327 A ASN	73	195	0.3743589744	Exposed	1	Exposed	Exposed
328 A PRO	104	159	0.6540880503	Exposed	1	Exposed	Exposed
329 A GLU	119	223	0.533632287	Exposed	1	Exposed	Exposed
330 A THR	14	172	0.08139534884	Exposed	1	Buried	Buried
331 A ASP	13	193	0.06735751295	Exposed	1	Buried	Buried
332 A ALA	17	129	0.1317829457	Exposed	0	Buried	Buried
333 A ASN	13	195	0.06666666667	Exposed	1	Buried	Buried
334 A ILE	0	197	0	Buried	1	Buried	Buried
335 A MET	0	224	0	Exposed	1	Buried	Buried
336 A GLN	24	225	0.1066666667	Exposed	1	Buried	Buried
337 A PHE	0	240	0	Buried	0	Buried	Buried
338 A ARG	65	274	0.2372262774	Exposed	0	Exposed	Buried
339 A VAL	0	174	0	Exposed	1	Buried	Buried
340 A THR	77	172	0.4476744186	Exposed	1	Exposed	Exposed
341 A LYS	66	236	0.2796610169	Exposed	1	Exposed	Exposed
342 A PRO	105	159	0.6603773585	Exposed	1	Exposed	Exposed
343 A LEU	92	201	0.4577114428	Exposed	1	Exposed	Exposed
344 A ALA	62	129	0.480620155	Exposed	1	Exposed	Exposed
345 A GLN	108	225	0.48	Exposed	1	Exposed	Exposed
346 A LYS	149	236	0.6313559322	Exposed	1	Exposed	Exposed
347 A ASP	30	193	0.1554404145	Exposed	1	Buried	Buried
348 A GLU	98	223	0.4394618834	Exposed	1	Exposed	Exposed
349 A SER	7	155	0.04516129032	Exposed	1	Buried	Buried
350 A ARG	121	274	0.4416058394	Exposed	0	Exposed	Exposed
351 A LYS	97	236	0.4110169492	Exposed	0	Exposed	Exposed
352 A PRO	32	159	0.2012578616	Exposed	0	Exposed	Buried
353 A LYS	102	236	0.4322033898	Exposed	1	Exposed	Exposed
354 A TYR	167	263	0.6349809886	Exposed	1	Exposed	Exposed
355 A LEU	15	201	0.07462686567	Exposed	1	Buried	Buried
356 A ALA	37	129	0.2868217054	Exposed	1	Exposed	Exposed
357 A SER	98	155	0.6322580645	Exposed	1	Exposed	Exposed
358 A TYR	83	263	0.3155893536	Exposed	1	Exposed	Exposed
359 A PRO	3	159	0.01886792453	Exposed	1	Buried	Buried
360 A SER	76	155	0.4903225806	Exposed	1	Exposed	Exposed
361 A VAL	100	174	0.5747126437	Exposed	1	Exposed	Exposed
362 A GLN	89	225	0.3955555556	Exposed	1	Exposed	Exposed
363 A HIS	165	224	0.7366071429	Exposed	1	Exposed	Exposed
364 A GLU	97	223	0.4349775785	Exposed	1	Exposed	Exposed
365 A ARG	200	274	0.7299270073	Exposed	1	Exposed	Exposed
366 A ILE	71	197	0.3604060914	Exposed	1	Exposed	Exposed
367 A GLN	84	225	0.3733333333	Exposed	1	Exposed	Exposed
368 A ASN	62	195	0.3179487179	Exposed	1	Exposed	Exposed
369 A ILE	100	197	0.5076142132	Exposed	1	Exposed	Exposed
370 A ARG	36	274	0.1313868613	Exposed	1	Buried	Buried
371 A THR	83	172	0.4825581395	Exposed	1	Exposed	Exposed
372 A LEU	2	201	0.009950248756	Exposed	1	Buried	Buried
373 A LYS	38	236	0.1610169492	Exposed	1	Exposed	Buried
374 A LEU	1	201	0.004975124378	Exposed	1	Buried	Buried
375 A ALA	11	129	0.08527131783	Exposed	1	Buried	Buried
376 A GLY	33	104	0.3173076923	Exposed	1	Exposed	Exposed
377 A THR	87	172	0.5058139535	Exposed	1	Exposed	Exposed
378 A GLN	139	225	0.6177777778	Exposed	1	Exposed	Exposed
379 A ASP	23	193	0.1191709845	Exposed	0	Buried	Buried
380 A GLU	168	223	0.7533632287	Exposed	1	Exposed	Exposed
381 A TYR	63	263	0.2395437262	Exposed	1	Exposed	Buried
382 A GLY	38	104	0.3653846154	Exposed	1	Exposed	Exposed
383 A ARG	13	274	0.04744525547	Exposed	1	Buried	Buried
384 A PRO	77	159	0.4842767296	Exposed	1	Exposed	Exposed
385 A VAL	7	174	0.04022988506	Exposed	1	Buried	Buried
386 A LEU	31	201	0.1542288557	Exposed	1	Buried	Buried
387 A LEU	7	201	0.03482587065	Exposed	1	Buried	Buried
388 A LEU	1	201	0.004975124378	Buried	1	Buried	Buried
389 A ASN	61	195	0.3128205128	Exposed	1	Exposed	Exposed
390 A ASN	82	195	0.4205128205	Exposed	1	Exposed	Exposed
391 A LYS	79	236	0.3347457627	Exposed	1	Exposed	Exposed
392 A ARG	77	274	0.2810218978	Exposed	1	Exposed	Exposed
393 A TRP	12	285	0.04210526316	Exposed	1	Buried	Buried
394 A HIS	123	224	0.5491071429	Exposed	1	Exposed	Exposed
395 A ASP	45	193	0.2331606218	Exposed	1	Exposed	Buried
396 A PRO	104	159	0.6540880503	Exposed	1	Exposed	Exposed
397 A VAL	43	174	0.2471264368	Exposed	1	Exposed	Buried
398 A THR	47	172	0.273255814	Exposed	1	Exposed	Exposed
399 A GLU	6	223	0.0269058296	Exposed	1	Buried	Buried
400 A THR	57	172	0.3313953488	Exposed	1	Exposed	Exposed
401 A PRO	0	159	0	Exposed	1	Buried	Buried
402 A LYS	121	236	0.5127118644	Exposed	1	Exposed	Exposed
403 A VAL	44	174	0.2528735632	Exposed	1	Exposed	Buried
404 A GLY	50	104	0.4807692308	Exposed	1	Exposed	Exposed
405 A THR	25	172	0.1453488372	Exposed	1	Buried	Buried
406 A THR	9	172	0.0523255814	Exposed	1	Buried	Buried
407 A GLU	3	223	0.0134529148	Exposed	1	Buried	Buried
408 A ILE	17	197	0.08629441624	Exposed	1	Buried	Buried
409 A TRP	1	285	0.00350877193	Buried	1	Buried	Buried
410 A SER	13	155	0.08387096774	Exposed	1	Buried	Buried
411 A ILE	0	197	0	Buried	1	Buried	Buried
412 A ILE	4	197	0.02030456853	Exposed	1	Buried	Buried
413 A ASN	0	195	0	Buried	1	Buried	Buried
414 A PRO	12	159	0.07547169811	Exposed	1	Buried	Buried
415 A THR	33	172	0.1918604651	Exposed	1	Exposed	Buried
416 A ARG	259	274	0.9452554745	Exposed	1	Exposed	Exposed
417 A GLY	37	104	0.3557692308	Exposed	1	Exposed	Exposed
418 A THR	46	172	0.2674418605	Exposed	1	Exposed	Buried
419 A HIS	8	224	0.03571428571	Exposed	1	Buried	Buried
420 A PRO	2	159	0.01257861635	Exposed	1	Buried	Buried
421 A ILE	0	197	0	Buried	1	Buried	Buried
422 A HIS	1	224	0.004464285714	Exposed	1	Buried	Buried
423 A LEU	0	201	0	Exposed	1	Buried	Buried
424 A HIS	1	224	0.004464285714	Exposed	1	Buried	Buried
425 A LEU	6	201	0.02985074627	Exposed	1	Buried	Buried
426 A VAL	9	174	0.05172413793	Exposed	1	Buried	Buried
427 A SER	34	155	0.2193548387	Exposed	1	Exposed	Buried
428 A PHE	0	240	0	Exposed	1	Buried	Buried
429 A ARG	47	274	0.1715328467	Exposed	1	Exposed	Buried
430 A VAL	1	174	0.005747126437	Exposed	1	Buried	Buried
431 A LEU	49	201	0.2437810945	Exposed	1	Exposed	Buried
432 A ASP	26	193	0.1347150259	Exposed	1	Buried	Buried
433 A ARG	22	274	0.0802919708	Exposed	1	Buried	Buried
434 A ARG	89	274	0.3248175182	Exposed	1	Exposed	Exposed
435 A PRO	40	159	0.251572327	Exposed	1	Exposed	Buried
436 A PHE	8	240	0.03333333333	Exposed	1	Buried	Buried
437 A ASP	64	193	0.3316062176	Exposed	0	Exposed	Exposed
438 A ILE	67	197	0.3401015228	Exposed	1	Exposed	Exposed
439 A ALA	72	129	0.5581395349	Exposed	1	Exposed	Exposed
440 A ARG	92	274	0.3357664234	Exposed	1	Exposed	Exposed
441 A TYR	28	263	0.1064638783	Exposed	1	Buried	Buried
442 A GLN	100	225	0.4444444444	Exposed	1	Exposed	Exposed
443 A GLU	166	223	0.7443946188	Exposed	1	Exposed	Exposed
444 A SER	47	155	0.3032258065	Exposed	1	Exposed	Exposed
445 A GLY	48	104	0.4615384615	Exposed	1	Exposed	Exposed
446 A GLU	108	223	0.4843049327	Exposed	1	Exposed	Exposed
447 A LEU	65	201	0.3233830846	Exposed	1	Exposed	Exposed
448 A SER	41	155	0.264516129	Exposed	1	Exposed	Buried
449 A TYR	79	263	0.3003802281	Exposed	1	Exposed	Exposed
450 A THR	90	172	0.523255814	Exposed	1	Exposed	Exposed
451 A GLY	20	104	0.1923076923	Exposed	1	Exposed	Buried
452 A PRO	99	159	0.6226415094	Exposed	1	Exposed	Exposed
453 A ALA	40	129	0.3100775194	Exposed	1	Exposed	Exposed
454 A VAL	88	174	0.5057471264	Exposed	1	Exposed	Exposed
455 A PRO	88	159	0.5534591195	Exposed	1	Exposed	Exposed
456 A PRO	13	159	0.08176100629	Exposed	1	Buried	Buried
457 A PRO	63	159	0.3962264151	Exposed	1	Exposed	Exposed
458 A PRO	65	159	0.4088050314	Exposed	1	Exposed	Exposed
459 A SER	11	155	0.07096774194	Exposed	1	Buried	Buried
460 A GLU	17	223	0.07623318386	Exposed	1	Buried	Buried
461 A LYS	90	236	0.3813559322	Exposed	1	Exposed	Exposed
462 A GLY	0	104	0	Exposed	1	Buried	Buried
463 A TRP	23	285	0.08070175439	Exposed	1	Buried	Buried
464 A LYS	3	236	0.01271186441	Buried	1	Buried	Buried
465 A ASP	4	193	0.0207253886	Buried	1	Buried	Buried
466 A THR	0	172	0	Buried	1	Buried	Buried
467 A ILE	0	197	0	Buried	1	Buried	Buried
468 A GLN	14	225	0.06222222222	Exposed	1	Buried	Buried
469 A ALA	2	129	0.01550387597	Buried	1	Buried	Buried
470 A HIS	63	224	0.28125	Exposed	1	Exposed	Exposed
471 A ALA	39	129	0.3023255814	Exposed	1	Exposed	Exposed
472 A GLY	9	104	0.08653846154	Exposed	1	Buried	Buried
473 A GLU	51	223	0.2286995516	Buried	1	Exposed	Buried
474 A VAL	2	174	0.01149425287	Buried	1	Buried	Buried
475 A LEU	2	201	0.009950248756	Buried	1	Buried	Buried
476 A ARG	73	274	0.2664233577	Exposed	1	Exposed	Buried
477 A ILE	1	197	0.005076142132	Buried	1	Buried	Buried
478 A ALA	14	129	0.1085271318	Exposed	1	Buried	Buried
479 A ALA	3	129	0.02325581395	Exposed	1	Buried	Buried
480 A THR	48	172	0.2790697674	Exposed	1	Exposed	Exposed
481 A PHE	0	240	0	Exposed	1	Buried	Buried
482 A GLY	16	104	0.1538461538	Exposed	1	Buried	Buried
483 A PRO	86	159	0.5408805031	Exposed	1	Exposed	Exposed
484 A TYR	51	263	0.1939163498	Exposed	1	Exposed	Buried
485 A SER	38	155	0.2451612903	Exposed	1	Exposed	Buried
486 A GLY	16	104	0.1538461538	Exposed	1	Buried	Buried
487 A ARG	52	274	0.1897810219	Exposed	1	Exposed	Buried
488 A TYR	1	263	0.003802281369	Buried	1	Buried	Buried
489 A VAL	0	174	0	Buried	1	Buried	Buried
490 A TRP	0	285	0	Buried	1	Buried	Buried
491 A HIS	0	224	0	Buried	1	Buried	Buried
492 A CYS	0	167	0	Buried	1	Buried	Buried
493 A HIS	0	224	0	Buried	1	Buried	Buried
494 A ILE	14	197	0.07106598985	Exposed	1	Buried	Buried
495 A LEU	1	201	0.004975124378	Buried	1	Buried	Buried
496 A GLU	3	223	0.0134529148	Exposed	1	Buried	Buried
497 A HIS	24	224	0.1071428571	Exposed	1	Buried	Buried
498 A GLU	0	223	0	Exposed	1	Buried	Buried
499 A ASP	5	193	0.02590673575	Exposed	1	Buried	Buried
500 A TYR	22	263	0.08365019011	Exposed	1	Buried	Buried
501 A ASP	11	193	0.05699481865	Exposed	1	Buried	Buried
502 A MET	0	224	0	Buried	1	Buried	Buried
503 A MET	1	224	0.004464285714	Buried	1	Buried	Buried
504 A ARG	0	274	0	Exposed	1	Buried	Buried
505 A PRO	4	159	0.0251572327	Exposed	1	Buried	Buried
506 A MET	0	224	0	Buried	1	Buried	Buried
507 A ASP	34	193	0.1761658031	Exposed	1	Exposed	Buried
508 A ILE	3	197	0.0152284264	Exposed	1	Buried	Buried
509 A THR	55	172	0.3197674419	Exposed	1	Exposed	Exposed
510 A ASP	152	193	0.7875647668	Exposed	1	Exposed	Exposed
